,index,DateTime,Environment:Site Outdoor Air Drybulb Temperature [C](Hourly),Environment:Site Outdoor Air Dewpoint Temperature [C](Hourly),Environment:Site Outdoor Air Relative Humidity [%](Hourly),WHOLEHOUSE PHIUSMELS:Electric Equipment Electricity Energy [J](Hourly),WHOLEHOUSE FRIDGE:Electric Equipment Electricity Energy [J](Hourly),WHOLEHOUSE RANGE:Electric Equipment Electricity Energy [J](Hourly),WHOLEHOUSE CLOTHESDRYER:Electric Equipment Electricity Energy [J](Hourly),WHOLEHOUSE CLOTHESWASHER:Electric Equipment Electricity Energy [J](Hourly),WHOLEHOUSE DISHWASHER:Electric Equipment Electricity Energy [J](Hourly),WHOLEHOUSE SIZINGSENSIBLE:Electric Equipment Electricity Energy [J](Hourly),WHOLEHOUSE SIZINGLATENT:Electric Equipment Electricity Energy [J](Hourly),WHOLEHOUSE:Zone Mean Air Dewpoint Temperature [C](Hourly),WHOLEHOUSE:Zone Ventilation Mass Flow Rate [kg/s](Hourly),WHOLEHOUSE:Zone Air Temperature [C](Hourly),WHOLEHOUSE:Zone Air Relative Humidity [%](Hourly),WHOLEHOUSE:Zone Air CO2 Concentration [ppm](Hourly),Whole Building:Facility Total Purchased Electricity Energy [J](Hourly),Whole Building:Facility Total Surplus Electricity Energy [J](Hourly),WHOLEHOUSE OCCUPANTS:Zone Thermal Comfort Pierce Model Standard Effective Temperature [C](Hourly),WHOLEHOUSE:Zone Heat Index [C](Hourly),BARANGESCHEDULE:Schedule Value [](Hourly),PHIUS_LIGHTING:Schedule Value [](Hourly),PHIUS_MELS:Schedule Value [](Hourly),COMBINEDDHWSCHEDULE:Schedule Value [](Hourly),BACLOTHESDRYERSCHEDULE:Schedule Value [](Hourly),BACLOTHESWASHERSCHEDULE:Schedule Value [](Hourly),BADISHWASHERSCHEDULE:Schedule Value [](Hourly),OCCUPANT_ACTIVITY_SCHEDULE:Schedule Value [](Hourly),OCCUPANT_EFF_SCHEDULE:Schedule Value [](Hourly),OCCUPANT_CLOTHING_SCHEDULE:Schedule Value [](Hourly),CO2_SCHEDULE:Schedule Value [](Hourly),OCCUPANTSCHEDULE:Schedule Value [](Hourly),MECHAVAILABLE:Schedule Value [](Hourly),NATVENT:Schedule Value [](Hourly),SCHNATVENT:Schedule Value [](Hourly),OUTAGECOOLING:Schedule Value [](Hourly),DEMAND CONTROL COOLING:Schedule Value [](Hourly),SHADINGAVAILABLE:Schedule Value [](Hourly),SIZINGLOADS:Schedule Value [](Hourly),WEATHER MORPH:Schedule Value [](Hourly),HVAC_ALWAYS_4:Schedule Value [](Hourly),PHIUS_68F:Schedule Value [](Hourly),DHW_122F:Schedule Value [](Hourly),PHIUS_77F:Schedule Value [](Hourly),HUMIDITY_SETPOINT:Schedule Value [](Hourly),AIRVELOCITYSCH:Schedule Value [](Hourly),ALWAYS_ON:Schedule Value [](Hourly),ALWAYS OFF:Schedule Value [](Hourly),ERVAVAILABLE:Schedule Value [](Hourly),WHOLEHOUSE_WINDOWFRACTIONCONTROL:Schedule Value [](Hourly),WHOLEHOUSE_TB SCHEDULE:Schedule Value [](Hourly),COUNT:Schedule Value [](Hourly),PHIUSEXTLIGHT:Exterior Lights Electricity Energy [J](Hourly) ,Date2,Time,Date
120,312,1900-01-06 00:00:00,-25.275,-30.65,61.125,0.0,147945.20547945204,0.0,0.0,0.0,0.0,0.0,0.0,-20.59440653160745,0.0,13.824400166500737,6.182359916883485,646.0909589621124,210198.68307945205,0.0,18.544598512880366,11.423608470650297,0.0,0.0,0.0,0.0,0.0,0.0,0.0,120.0,0.0,1.0,500.0,1.0,0.0,0.0,0.0,1.0,0.0,0.0,0.0,0.0,4.0,20.0,2.0,25.0,60.0,0.16,1.0,0.0,1.0,0.0,-39.70097917138375,0.0,3600.0,01/06,00:00:00,01/06
121,313,1900-01-06 01:00:00,-25.7875,-31.7,58.125,0.0,147945.20547945204,0.0,0.0,0.0,0.0,0.0,0.0,-22.14222713494132,0.0,12.103884391160413,5.944897534337771,658.4554486723908,210198.68307945205,0.0,17.060450011550692,9.525064098382332,0.0,0.0,0.0,0.0,0.0,0.0,0.0,120.0,0.0,1.0,500.0,1.0,0.0,0.0,0.0,1.0,0.0,0.0,0.0,0.0,4.0,20.0,2.0,25.0,60.0,0.16,1.0,0.0,1.0,0.0,-38.24076806216114,0.0,3600.0,01/06,01:00:00,01/06
122,314,1900-01-06 02:00:00,-25.9125,-31.7,58.875,0.0,147945.20547945204,0.0,0.0,0.0,0.0,0.0,0.0,-24.32820056442295,0.0,10.772936205117325,5.235533168605936,668.8138731230088,210198.68307945205,0.0,15.891739931768427,8.042494304924139,0.0,0.0,0.0,0.0,0.0,0.0,0.0,120.0,0.0,1.0,500.0,1.0,0.0,0.0,0.0,1.0,0.0,0.0,0.0,0.0,4.0,20.0,2.0,25.0,60.0,0.16,1.0,0.0,1.0,0.0,-36.81329403231494,0.0,3600.0,01/06,02:00:00,01/06
123,315,1900-01-06 03:00:00,-25.0375,-30.6375,60.0,0.0,147945.20547945204,0.0,0.0,0.0,0.0,0.0,0.0,-25.654923793735016,0.0,9.664882132295606,4.937049990608029,674.0142925573116,210198.68307945205,0.0,14.907438310784308,6.81583986356359,0.0,0.0,0.0,0.0,0.0,0.0,0.0,120.0,0.0,1.0,500.0,1.0,0.0,0.0,0.0,1.0,0.0,0.0,0.0,0.0,4.0,20.0,2.0,25.0,60.0,0.16,1.0,0.0,1.0,0.0,-35.359158405450806,0.0,3600.0,01/06,03:00:00,01/06
124,316,1900-01-06 04:00:00,-24.4,-29.625,61.875,0.0,147945.20547945204,0.0,0.0,0.0,0.0,0.0,0.0,-26.531191298271622,0.0,8.863315217166923,4.770044538437007,678.736974135049,210198.68307945205,0.0,14.130291441997551,5.929753457387248,0.0,0.0,0.0,0.0,0.0,0.0,0.0,120.0,0.0,1.0,500.0,1.0,0.0,0.0,0.0,1.0,0.0,0.0,0.0,0.0,4.0,20.0,2.0,25.0,60.0,0.16,1.0,0.0,1.0,0.0,-33.41406376374606,0.0,3600.0,01/06,04:00:00,01/06
125,317,1900-01-06 05:00:00,-24.775,-29.4,65.5,0.0,147945.20547945204,0.0,0.0,0.0,0.0,0.0,0.0,-26.86109273604658,0.0,8.08822320880794,4.862478641767485,688.5601535460645,210198.68307945205,0.0,13.448780313531447,5.079565805334887,0.0,0.0,0.0,0.0,0.0,0.0,0.0,120.0,0.0,1.0,500.0,1.0,0.0,0.0,0.0,1.0,0.0,0.0,0.0,0.0,4.0,20.0,2.0,25.0,60.0,0.16,1.0,0.0,1.0,0.0,-32.94228115388543,0.0,3600.0,01/06,05:00:00,01/06
126,318,1900-01-06 06:00:00,-25.375,-30.15,64.5,0.0,147945.20547945204,0.0,0.0,0.0,0.0,0.0,0.0,-27.432432274084682,0.0,7.176078732357443,4.8829313364206985,688.6760692038606,210198.68307945205,0.0,12.728002812298392,4.076740923821951,0.0,0.0,0.0,0.0,0.0,0.0,0.0,120.0,0.0,1.0,500.0,1.0,0.0,0.0,0.0,1.0,0.0,0.0,0.0,0.0,4.0,20.0,2.0,25.0,60.0,0.16,1.0,0.0,1.0,0.0,-32.627791471308086,0.0,3600.0,01/06,06:00:00,01/06
127,319,1900-01-06 07:00:00,-25.6,-30.9125,61.125,0.0,147945.20547945204,0.0,0.0,0.0,0.0,0.0,0.0,-28.35157452168787,0.0,6.564373326234788,4.636252096052891,687.818062381174,210198.68307945205,0.0,12.145551249787324,3.397423908032981,0.0,0.0,0.0,0.0,0.0,0.0,0.0,120.0,0.0,1.0,500.0,1.0,0.0,0.0,0.0,1.0,0.0,0.0,0.0,0.0,4.0,20.0,2.0,25.0,60.0,0.16,1.0,0.0,1.0,0.0,-32.26512171374377,0.0,3600.0,01/06,07:00:00,01/06
128,320,1900-01-06 08:00:00,-25.9125,-31.475,60.0,0.0,147945.20547945204,0.0,0.0,0.0,0.0,0.0,0.0,-29.131611848235742,0.0,6.075897865801178,4.424841271457546,695.2404998325621,207065.73857629145,0.0,11.718981782059997,2.854580730024912,0.0,0.0,0.0,0.0,0.0,0.0,0.0,120.0,0.0,1.0,500.0,1.0,0.0,0.0,0.0,1.0,0.0,0.0,0.0,0.0,4.0,20.0,2.0,25.0,60.0,0.16,1.0,0.0,1.0,0.0,-31.987778742537923,0.0,900.0,01/06,08:00:00,01/06
129,321,1900-01-06 09:00:00,-24.0375,-30.6375,55.0,0.0,147945.20547945204,0.0,0.0,0.0,0.0,0.0,0.0,-29.601312103404894,0.0,6.12146831191297,4.201361589938458,696.3114904068859,204722.80140893173,0.0,11.73877221432511,2.898872917952661,0.0,0.0,0.0,0.0,0.0,0.0,0.0,120.0,0.0,1.0,500.0,1.0,0.0,0.0,0.0,1.0,0.0,0.0,0.0,0.0,4.0,20.0,2.0,25.0,60.0,0.16,1.0,0.0,1.0,0.0,-30.902588000260103,0.0,0.0,01/06,09:00:00,01/06
130,322,1900-01-06 10:00:00,-21.425000000000008,-29.3125,48.875,0.0,147945.20547945204,0.0,0.0,0.0,0.0,0.0,0.0,-29.1337252457769,0.0,6.35440052232331,4.339952670091407,693.5692479824027,203718.0729762693,0.0,11.960939994898654,3.1587171164969177,0.0,0.0,0.0,0.0,0.0,0.0,0.0,120.0,0.0,1.0,500.0,1.0,0.0,0.0,0.0,1.0,0.0,0.0,0.0,0.0,4.0,20.0,2.0,25.0,60.0,0.16,1.0,0.0,1.0,0.0,-28.30058527869538,0.0,0.0,01/06,10:00:00,01/06
131,323,1900-01-06 11:00:00,-19.1625,-27.8375,46.375,0.0,147945.20547945204,0.0,0.0,0.0,0.0,0.0,0.0,-28.14706662534917,0.0,6.680204140539535,4.697640796631004,686.5783554434065,203222.92181169745,0.0,12.196527605279593,3.526440730949967,0.0,0.0,0.0,0.0,0.0,0.0,0.0,120.0,0.0,1.0,500.0,1.0,0.0,0.0,0.0,1.0,0.0,0.0,0.0,0.0,4.0,20.0,2.0,25.0,60.0,0.16,1.0,0.0,1.0,0.0,-26.302333765510603,0.0,0.0,01/06,11:00:00,01/06
132,324,1900-01-06 12:00:00,-17.3,-26.512500000000003,44.75,0.0,147945.20547945204,0.0,0.0,0.0,0.0,0.0,0.0,-26.78398013139074,0.0,6.991683924729297,5.284523041312565,687.706140738711,203152.49187942973,0.0,12.418009769850041,3.884392641058721,0.0,0.0,0.0,0.0,0.0,0.0,0.0,120.0,0.0,1.0,500.0,1.0,0.0,0.0,0.0,1.0,0.0,0.0,0.0,0.0,4.0,20.0,2.0,25.0,60.0,0.16,1.0,0.0,1.0,0.0,-24.639104905746173,0.0,0.0,01/06,12:00:00,01/06
133,325,1900-01-06 13:00:00,-15.6375,-25.0375,44.625,0.0,147945.20547945204,0.0,0.0,0.0,0.0,0.0,0.0,-25.405779840497324,0.0,7.266074072829827,5.958728401918781,687.2220327403193,203676.695499376,0.0,12.626512191122636,4.203826055051802,0.0,0.0,0.0,0.0,0.0,0.0,0.0,120.0,0.0,1.0,500.0,1.0,0.0,0.0,0.0,1.0,0.0,0.0,0.0,0.0,4.0,20.0,2.0,25.0,60.0,0.16,1.0,0.0,1.0,0.0,-23.245577831986488,0.0,0.0,01/06,13:00:00,01/06
134,326,1900-01-06 14:00:00,-13.9375,-23.4,45.0,0.0,147945.20547945204,0.0,0.0,0.0,0.0,0.0,0.0,-23.843948721197684,0.0,7.499775630221034,6.852912630784745,687.0536008881955,204658.67413553887,0.0,12.82170253976093,4.484245911935849,0.0,0.0,0.0,0.0,0.0,0.0,0.0,120.0,0.0,1.0,500.0,1.0,0.0,0.0,0.0,1.0,0.0,0.0,0.0,0.0,4.0,20.0,2.0,25.0,60.0,0.16,1.0,0.0,1.0,0.0,-21.82756512961873,0.0,0.0,01/06,14:00:00,01/06
135,327,1900-01-06 15:00:00,-13.3,-21.737500000000008,49.375,0.0,147945.20547945204,0.0,0.0,0.0,0.0,0.0,0.0,-22.27668971951351,0.0,7.494504845908995,7.997879767815247,687.1860150160584,205889.61078871012,0.0,12.793210920685947,4.508344413326182,0.0,0.0,0.0,0.0,0.0,0.0,0.0,120.0,0.0,1.0,500.0,1.0,0.0,0.0,0.0,1.0,0.0,0.0,0.0,0.0,4.0,20.0,2.0,25.0,60.0,0.16,1.0,0.0,1.0,0.0,-20.81309099640016,0.0,0.0,01/06,15:00:00,01/06
136,328,1900-01-06 16:00:00,-13.675,-21.1,53.875,0.0,147945.20547945204,0.0,0.0,0.0,0.0,0.0,0.0,-21.063820890097677,0.0,7.290529782843565,9.121663875171581,696.6432688586285,208332.41036516728,0.0,12.571511420194511,4.313315095646295,0.0,0.0,0.0,0.0,0.0,0.0,0.0,120.0,0.0,1.0,500.0,1.0,0.0,0.0,0.0,1.0,0.0,0.0,0.0,0.0,4.0,20.0,2.0,25.0,60.0,0.16,1.0,0.0,1.0,0.0,-20.88300463180672,0.0,1800.0,01/06,16:00:00,01/06
137,329,1900-01-06 17:00:00,-14.5875,-20.7875,60.0,0.0,147945.20547945204,0.0,0.0,0.0,0.0,0.0,0.0,-20.425482092148545,0.0,7.002485474015984,9.892887251760934,711.2535604423451,210198.68307945205,0.0,12.29084994115914,4.016603855213563,0.0,0.0,0.0,0.0,0.0,0.0,0.0,120.0,0.0,1.0,500.0,1.0,0.0,0.0,0.0,1.0,0.0,0.0,0.0,0.0,4.0,20.0,2.0,25.0,60.0,0.16,1.0,0.0,1.0,0.0,-21.391690073105135,0.0,3600.0,01/06,17:00:00,01/06
138,330,1900-01-06 18:00:00,-13.9375,-19.85,61.125,0.0,147945.20547945204,0.0,0.0,0.0,0.0,0.0,0.0,-19.92168666258277,0.0,6.858144402275817,10.486234389263435,729.6502433136734,210198.68307945205,0.0,12.094592839681225,3.873321629334169,0.0,0.0,0.0,0.0,0.0,0.0,0.0,120.0,0.0,1.0,500.0,1.0,0.0,0.0,0.0,1.0,0.0,0.0,0.0,0.0,4.0,20.0,2.0,25.0,60.0,0.16,1.0,0.0,1.0,0.0,-21.225996836711214,0.0,3600.0,01/06,18:00:00,01/06
139,331,1900-01-06 19:00:00,-14.3625,-20.15,61.875,0.0,147945.20547945204,0.0,0.0,0.0,0.0,0.0,0.0,-19.460158057816287,0.0,6.842846334543711,10.970609677926737,760.3092325673751,210198.68307945205,0.0,11.993693327299722,3.869141331810613,0.0,0.0,0.0,0.0,0.0,0.0,0.0,120.0,0.0,1.0,500.0,1.0,0.0,0.0,0.0,1.0,0.0,0.0,0.0,0.0,4.0,20.0,2.0,25.0,60.0,0.16,1.0,0.0,1.0,0.0,-20.78535948433961,0.0,3600.0,01/06,19:00:00,01/06
140,332,1900-01-06 20:00:00,-17.75,-21.2875,75.5,0.0,147945.20547945204,0.0,0.0,0.0,0.0,0.0,0.0,-19.542415415156523,0.0,6.087403036247629,11.468038109899071,773.1412097887902,210198.68307945205,0.0,11.58146716708995,3.0511421470150277,0.0,0.0,0.0,0.0,0.0,0.0,0.0,120.0,0.0,1.0,500.0,1.0,0.0,0.0,0.0,1.0,0.0,0.0,0.0,0.0,4.0,20.0,2.0,25.0,60.0,0.16,1.0,0.0,1.0,0.0,-23.022777282900087,0.0,3600.0,01/06,20:00:00,01/06
141,333,1900-01-06 21:00:00,-20.15,-23.3875,75.5,0.0,147945.20547945204,0.0,0.0,0.0,0.0,0.0,0.0,-20.53506227536897,0.0,5.4038098813875814,10.936440200478785,739.9585229267308,210198.68307945205,0.0,11.076485829384861,2.285309030316621,0.0,0.0,0.0,0.0,0.0,0.0,0.0,120.0,0.0,1.0,500.0,1.0,0.0,0.0,0.0,1.0,0.0,0.0,0.0,0.0,4.0,20.0,2.0,25.0,60.0,0.16,1.0,0.0,1.0,0.0,-25.260653613637054,0.0,3600.0,01/06,21:00:00,01/06
142,334,1900-01-06 22:00:00,-21.2875,-25.4625,68.5,0.0,147945.20547945204,0.0,0.0,0.0,0.0,0.0,0.0,-21.94600263466951,0.0,5.036166613585529,9.7837515767669,739.0090620147023,210198.68307945205,0.0,10.73165978348854,1.8508034550041053,0.0,0.0,0.0,0.0,0.0,0.0,0.0,120.0,0.0,1.0,500.0,1.0,0.0,0.0,0.0,1.0,0.0,0.0,0.0,0.0,4.0,20.0,2.0,25.0,60.0,0.16,1.0,0.0,1.0,0.0,-26.19828895343508,0.0,3600.0,01/06,22:00:00,01/06
143,335,1900-01-06 23:00:00,-21.7,-25.7875,69.5,0.0,147945.20547945204,0.0,0.0,0.0,0.0,0.0,0.0,-23.29339022882084,0.0,4.682743715717702,8.787074605425008,740.658415689981,210198.68307945205,0.0,10.390714429585708,1.4360139242089036,0.0,0.0,0.0,0.0,0.0,0.0,0.0,120.0,0.0,1.0,500.0,1.0,0.0,0.0,0.0,1.0,0.0,0.0,0.0,0.0,4.0,20.0,2.0,25.0,60.0,0.16,1.0,0.0,1.0,0.0,-26.42566028035876,0.0,3600.0,01/06,23:00:00,01/06
144,336,1900-01-07 00:00:00,-21.7,-25.6,71.0,0.0,147945.20547945204,0.0,0.0,0.0,0.0,0.0,0.0,-23.98671491985012,0.0,4.502973151399975,8.307142786177035,756.6043526100857,210198.68307945205,0.0,10.161964717082844,1.225734750401264,0.0,0.0,0.0,0.0,0.0,0.0,0.0,120.0,0.0,1.0,500.0,1.0,0.0,0.0,0.0,1.0,0.0,0.0,0.0,0.0,4.0,20.0,2.0,25.0,60.0,0.16,1.0,0.0,1.0,0.0,-26.252167809978022,0.0,3600.0,01/07,00:00:00,01/07
145,337,1900-01-07 01:00:00,-21.7,-27.2875,61.0,0.0,147945.20547945204,0.0,0.0,0.0,0.0,0.0,0.0,-24.58958099741184,0.0,4.189724426280445,7.998679606417056,773.7040767907056,210198.68307945205,0.0,9.904626975825858,0.8731068364093799,0.0,0.0,0.0,0.0,0.0,0.0,0.0,120.0,0.0,1.0,500.0,1.0,0.0,0.0,0.0,1.0,0.0,0.0,0.0,0.0,4.0,20.0,2.0,25.0,60.0,0.16,1.0,0.0,1.0,0.0,-25.989765763950864,0.0,3600.0,01/07,01:00:00,01/07
146,338,1900-01-07 02:00:00,-22.0125,-26.925000000000008,65.0,0.0,147945.20547945204,0.0,0.0,0.0,0.0,0.0,0.0,-25.39731805875305,0.0,3.7215756523567087,7.624905470328854,773.9843305865476,210198.68307945205,0.0,9.57361927226863,0.3483835270954107,0.0,0.0,0.0,0.0,0.0,0.0,0.0,120.0,0.0,1.0,500.0,1.0,0.0,0.0,0.0,1.0,0.0,0.0,0.0,0.0,4.0,20.0,2.0,25.0,60.0,0.16,1.0,0.0,1.0,0.0,-25.736688308053008,0.0,3600.0,01/07,02:00:00,01/07
147,339,1900-01-07 03:00:00,-21.5125,-25.4125,71.0,0.0,147945.20547945204,0.0,0.0,0.0,0.0,0.0,0.0,-25.455281854447612,0.0,3.368839780291407,7.772197931182884,763.5946275778181,210198.68307945205,0.0,9.279861345883331,-0.0357799623652339,0.0,0.0,0.0,0.0,0.0,0.0,0.0,120.0,0.0,1.0,500.0,1.0,0.0,0.0,0.0,1.0,0.0,0.0,0.0,0.0,4.0,20.0,2.0,25.0,60.0,0.16,1.0,0.0,1.0,0.0,-25.214666112570335,0.0,3600.0,01/07,03:00:00,01/07
148,340,1900-01-07 04:00:00,-21.475,-25.6875,68.5,0.0,147945.20547945204,0.0,0.0,0.0,0.0,0.0,0.0,-25.26214113563696,0.0,3.05318626312684,8.102761540478564,757.112322787849,210198.68307945205,0.0,9.021202249349708,-0.3743674481146463,0.0,0.0,0.0,0.0,0.0,0.0,0.0,120.0,0.0,1.0,500.0,1.0,0.0,0.0,0.0,1.0,0.0,0.0,0.0,0.0,4.0,20.0,2.0,25.0,60.0,0.16,1.0,0.0,1.0,0.0,-24.473848282968568,0.0,3600.0,01/07,04:00:00,01/07
149,341,1900-01-07 05:00:00,-21.325,-25.4125,69.5,0.0,147945.20547945204,0.0,0.0,0.0,0.0,0.0,0.0,-25.300133726327175,0.0,2.728450321718875,8.260247881234571,749.4618410024041,210198.68307945205,0.0,8.76140098682763,-0.7274648403214452,0.0,0.0,0.0,0.0,0.0,0.0,0.0,120.0,0.0,1.0,500.0,1.0,0.0,0.0,0.0,1.0,0.0,0.0,0.0,0.0,4.0,20.0,2.0,25.0,60.0,0.16,1.0,0.0,1.0,0.0,-24.273656201381343,0.0,3600.0,01/07,05:00:00,01/07
150,342,1900-01-07 06:00:00,-20.7875,-25.0,69.125,0.0,147945.20547945204,0.0,0.0,0.0,0.0,0.0,0.0,-25.03656011331524,0.0,2.5500615975987575,8.5891182043886,745.9733564293849,210198.68307945205,0.0,8.575251397549746,-0.9151052673045524,0.0,0.0,0.0,0.0,0.0,0.0,0.0,120.0,0.0,1.0,500.0,1.0,0.0,0.0,0.0,1.0,0.0,0.0,0.0,0.0,4.0,20.0,2.0,25.0,60.0,0.16,1.0,0.0,1.0,0.0,-23.48980409104626,0.0,3600.0,01/07,06:00:00,01/07
151,343,1900-01-07 07:00:00,-20.225,-25.0,66.125,0.0,147945.20547945204,0.0,0.0,0.0,0.0,0.0,0.0,-24.829171817612416,0.0,2.485473803308357,8.808966868367051,754.2221547932444,210198.68307945205,0.0,8.465292218653458,-0.9804113481312235,0.0,0.0,0.0,0.0,0.0,0.0,0.0,120.0,0.0,1.0,500.0,1.0,0.0,0.0,0.0,1.0,0.0,0.0,0.0,0.0,4.0,20.0,2.0,25.0,60.0,0.16,1.0,0.0,1.0,0.0,-22.87115850842892,0.0,3600.0,01/07,07:00:00,01/07
152,344,1900-01-07 08:00:00,-21.0625,-25.6875,66.25,0.0,147945.20547945204,0.0,0.0,0.0,0.0,0.0,0.0,-24.80109128523384,0.0,2.4521456687437246,8.854919577054911,770.109065694787,207158.4394818152,0.0,8.420676393842657,-1.015872419869912,0.0,0.0,0.0,0.0,0.0,0.0,0.0,120.0,0.0,1.0,500.0,1.0,0.0,0.0,0.0,1.0,0.0,0.0,0.0,0.0,4.0,20.0,2.0,25.0,60.0,0.16,1.0,0.0,1.0,0.0,-23.07543940913821,0.0,900.0,01/07,08:00:00,01/07
153,345,1900-01-07 09:00:00,-20.6375,-24.725,69.5,0.0,147945.20547945204,0.0,0.0,0.0,0.0,0.0,0.0,-24.872320206898983,0.0,2.850422035118356,8.546561708219837,783.9093966277696,205043.02284135012,0.0,8.762751959578598,-0.585819983432957,0.0,0.0,0.0,0.0,0.0,0.0,0.0,120.0,0.0,1.0,500.0,1.0,0.0,0.0,0.0,1.0,0.0,0.0,0.0,0.0,4.0,20.0,2.0,25.0,60.0,0.16,1.0,0.0,1.0,0.0,-23.79697012411537,0.0,0.0,01/07,09:00:00,01/07
154,346,1900-01-07 10:00:00,-18.9375,-23.525,67.25,0.0,147945.20547945204,0.0,0.0,0.0,0.0,0.0,0.0,-24.36456559730449,0.0,3.192217618433636,8.774883748044228,788.5799003603726,205270.5803544242,0.0,9.049346449655348,-0.2038830996351784,0.0,0.0,0.0,0.0,0.0,0.0,0.0,120.0,0.0,1.0,500.0,1.0,0.0,0.0,0.0,1.0,0.0,0.0,0.0,0.0,4.0,20.0,2.0,25.0,60.0,0.16,1.0,0.0,1.0,0.0,-22.467117008860242,0.0,0.0,01/07,10:00:00,01/07
155,347,1900-01-07 11:00:00,-17.6125,-22.9875,63.125,0.0,147945.20547945204,0.0,0.0,0.0,0.0,0.0,0.0,-23.709515510105366,0.0,3.534533263032041,9.140223391974336,787.9684098866693,204490.72207686465,0.0,9.375494424648098,0.1822035334590182,0.0,0.0,0.0,0.0,0.0,0.0,0.0,120.0,0.0,1.0,500.0,1.0,0.0,0.0,0.0,1.0,0.0,0.0,0.0,0.0,4.0,20.0,2.0,25.0,60.0,0.16,1.0,0.0,1.0,0.0,-21.36239796633552,0.0,0.0,01/07,11:00:00,01/07
156,348,1900-01-07 12:00:00,-17.575,-23.4875,60.125,0.0,147945.20547945204,0.0,0.0,0.0,0.0,0.0,0.0,-23.20874501441713,0.0,3.6431596416703176,9.528947286894736,772.6852862512869,204890.10076232388,0.0,9.53153103419579,0.3118425627729366,0.0,0.0,0.0,0.0,0.0,0.0,0.0,120.0,0.0,1.0,500.0,1.0,0.0,0.0,0.0,1.0,0.0,0.0,0.0,0.0,4.0,20.0,2.0,25.0,60.0,0.16,1.0,0.0,1.0,0.0,-21.05140520123167,0.0,0.0,01/07,12:00:00,01/07
157,349,1900-01-07 13:00:00,-18.1125,-23.525,62.75,0.0,147945.20547945204,0.0,0.0,0.0,0.0,0.0,0.0,-23.13966992768215,0.0,3.704721525170733,9.552331836352664,756.3646526679065,205116.73699888508,0.0,9.616970659630525,0.3801712311925698,0.0,0.0,0.0,0.0,0.0,0.0,0.0,120.0,0.0,1.0,500.0,1.0,0.0,0.0,0.0,1.0,0.0,0.0,0.0,0.0,4.0,20.0,2.0,25.0,60.0,0.16,1.0,0.0,1.0,0.0,-21.67985647844824,0.0,0.0,01/07,13:00:00,01/07
158,350,1900-01-07 14:00:00,-19.3625,-24.3625,65.0,0.0,147945.20547945204,0.0,0.0,0.0,0.0,0.0,0.0,-23.18675550241683,0.0,3.499279795545772,9.646966302386891,742.1452527724829,205791.2281493012,0.0,9.511448070716291,0.1566563396626735,0.0,0.0,0.0,0.0,0.0,0.0,0.0,120.0,0.0,1.0,500.0,1.0,0.0,0.0,0.0,1.0,0.0,0.0,0.0,0.0,4.0,20.0,2.0,25.0,60.0,0.16,1.0,0.0,1.0,0.0,-22.532151349503852,0.0,0.0,01/07,14:00:00,01/07
159,351,1900-01-07 15:00:00,-20.6875,-25.375,66.875,0.0,147945.20547945204,0.0,0.0,0.0,0.0,0.0,0.0,-23.736072429183448,0.0,3.083925386418428,9.410812502635316,728.1392957170111,206409.48735079932,0.0,9.18246710421603,-0.3063997484820286,0.0,0.0,0.0,0.0,0.0,0.0,0.0,120.0,0.0,1.0,500.0,1.0,0.0,0.0,0.0,1.0,0.0,0.0,0.0,0.0,4.0,20.0,2.0,25.0,60.0,0.16,1.0,0.0,1.0,0.0,-23.59295586965344,0.0,0.0,01/07,15:00:00,01/07
160,352,1900-01-07 16:00:00,-21.475,-25.9125,67.375,0.0,147945.20547945204,0.0,0.0,0.0,0.0,0.0,0.0,-24.3362664867188,0.0,2.7800219499955054,9.060699433810056,728.8320895940614,208376.2615092453,0.0,8.85223691766529,-0.6498353697887929,0.0,0.0,0.0,0.0,0.0,0.0,0.0,120.0,0.0,1.0,500.0,1.0,0.0,0.0,0.0,1.0,0.0,0.0,0.0,0.0,4.0,20.0,2.0,25.0,60.0,0.16,1.0,0.0,1.0,0.0,-24.167001281351855,0.0,1800.0,01/07,16:00:00,01/07
161,353,1900-01-07 17:00:00,-22.0125,-26.1,69.5,0.0,147945.20547945204,0.0,0.0,0.0,0.0,0.0,0.0,-24.8540130931466,0.0,2.370929337140108,8.859054504781623,739.2711053003584,210198.68307945205,0.0,8.497915282570862,-1.1051024170765835,0.0,0.0,0.0,0.0,0.0,0.0,0.0,120.0,0.0,1.0,500.0,1.0,0.0,0.0,0.0,1.0,0.0,0.0,0.0,0.0,4.0,20.0,2.0,25.0,60.0,0.16,1.0,0.0,1.0,0.0,-24.38907078868434,0.0,3600.0,01/07,17:00:00,01/07
162,354,1900-01-07 18:00:00,-22.8875,-26.7875,71.0,0.0,147945.20547945204,0.0,0.0,0.0,0.0,0.0,0.0,-25.284194673122848,0.0,1.9351332810210595,8.754541130654193,742.9587151469499,210198.68307945205,0.0,8.13208287352737,-1.5872070391319753,0.0,0.0,0.0,0.0,0.0,0.0,0.0,120.0,0.0,1.0,500.0,1.0,0.0,0.0,0.0,1.0,0.0,0.0,0.0,0.0,4.0,20.0,2.0,25.0,60.0,0.16,1.0,0.0,1.0,0.0,-24.639069532581104,0.0,3600.0,01/07,18:00:00,01/07
163,355,1900-01-07 19:00:00,-23.3,-27.2,71.0,0.0,147945.20547945204,0.0,0.0,0.0,0.0,0.0,0.0,-25.798736674592156,0.0,1.5818518106957125,8.527037064848498,749.4816338741691,210198.68307945205,0.0,7.816917890903197,-1.981757040430338,0.0,0.0,0.0,0.0,0.0,0.0,0.0,120.0,0.0,1.0,500.0,1.0,0.0,0.0,0.0,1.0,0.0,0.0,0.0,0.0,4.0,20.0,2.0,25.0,60.0,0.16,1.0,0.0,1.0,0.0,-24.96849400627448,0.0,3600.0,01/07,19:00:00,01/07
164,356,1900-01-07 20:00:00,-23.3,-27.575,68.5,0.0,147945.20547945204,0.0,0.0,0.0,0.0,0.0,0.0,-26.196936651201437,0.0,1.317198762969375,8.349079285890742,757.5984746763692,210198.68307945205,0.0,7.555939594909113,-2.277522068268762,0.0,0.0,0.0,0.0,0.0,0.0,0.0,120.0,0.0,1.0,500.0,1.0,0.0,0.0,0.0,1.0,0.0,0.0,0.0,0.0,4.0,20.0,2.0,25.0,60.0,0.16,1.0,0.0,1.0,0.0,-24.66915937679573,0.0,3600.0,01/07,20:00:00,01/07
165,357,1900-01-07 21:00:00,-23.3,-27.8,67.0,0.0,147945.20547945204,0.0,0.0,0.0,0.0,0.0,0.0,-26.563756711303817,0.0,1.0813538043113968,8.18291061462455,770.055063935671,210198.68307945205,0.0,7.332510708456631,-2.541290371431155,0.0,0.0,0.0,0.0,0.0,0.0,0.0,120.0,0.0,1.0,500.0,1.0,0.0,0.0,0.0,1.0,0.0,0.0,0.0,0.0,4.0,20.0,2.0,25.0,60.0,0.16,1.0,0.0,1.0,0.0,-24.44702467482244,0.0,3600.0,01/07,21:00:00,01/07
166,358,1900-01-07 22:00:00,-23.9875,-28.8,64.5,0.0,147945.20547945204,0.0,0.0,0.0,0.0,0.0,0.0,-26.98631812894345,0.0,0.6463430510753073,8.08992074611977,773.179601228196,210198.68307945205,0.0,7.0300398132956,-3.0222302687795892,0.0,0.0,0.0,0.0,0.0,0.0,0.0,120.0,0.0,1.0,500.0,1.0,0.0,0.0,0.0,1.0,0.0,0.0,0.0,0.0,4.0,20.0,2.0,25.0,60.0,0.16,1.0,0.0,1.0,0.0,-24.4985788409331,0.0,3600.0,01/07,22:00:00,01/07
167,359,1900-01-07 23:00:00,-24.775,-29.775,63.0,0.0,147945.20547945204,0.0,0.0,0.0,0.0,0.0,0.0,-27.76876505963861,0.0,0.1904901262367933,7.72174669147641,759.9629749994299,210198.68307945205,0.0,6.692773031366361,-3.5332819197509777,0.0,0.0,0.0,0.0,0.0,0.0,0.0,120.0,0.0,1.0,500.0,1.0,0.0,0.0,0.0,1.0,0.0,0.0,0.0,0.0,4.0,20.0,2.0,25.0,60.0,0.16,1.0,0.0,1.0,0.0,-24.907717319537145,0.0,3600.0,01/07,23:00:00,01/07
168,360,1900-01-08 00:00:00,-25.375,-30.6875,61.125,0.0,147945.20547945204,0.0,0.0,0.0,0.0,0.0,0.0,-28.561828371347936,0.0,-0.142915448958011,7.304316901976668,751.1386628082597,210198.68307945205,0.0,6.404912565246535,-3.910927608079976,0.0,0.0,0.0,0.0,0.0,0.0,0.0,120.0,0.0,1.0,500.0,1.0,0.0,0.0,0.0,1.0,0.0,0.0,0.0,0.0,4.0,20.0,2.0,25.0,60.0,0.16,1.0,0.0,1.0,0.0,-25.159555234622466,0.0,3600.0,01/08,00:00:00,01/08
169,361,1900-01-08 01:00:00,-25.9125,-31.1,61.875,0.0,147945.20547945204,0.0,0.0,0.0,0.0,0.0,0.0,-29.32511659308156,0.0,-0.5015476195834506,6.953613716903223,747.5142329220351,210198.68307945205,0.0,6.114146137590068,-4.314580245600434,0.0,0.0,0.0,0.0,0.0,0.0,0.0,120.0,0.0,1.0,500.0,1.0,0.0,0.0,0.0,1.0,0.0,0.0,0.0,0.0,4.0,20.0,2.0,25.0,60.0,0.16,1.0,0.0,1.0,0.0,-25.385046785472262,0.0,3600.0,01/08,01:00:00,01/08
170,362,1900-01-08 02:00:00,-26.1,-31.78750000000001,58.625,0.0,147945.20547945204,0.0,0.0,0.0,0.0,0.0,0.0,-29.962937995678647,0.0,-0.8462185815878529,6.696988803591571,742.7482750315392,210198.68307945205,0.0,5.829825244943676,-4.700419065430636,0.0,0.0,0.0,0.0,0.0,0.0,0.0,120.0,0.0,1.0,500.0,1.0,0.0,0.0,0.0,1.0,0.0,0.0,0.0,0.0,4.0,20.0,2.0,25.0,60.0,0.16,1.0,0.0,1.0,0.0,-25.330122314451135,0.0,3600.0,01/08,02:00:00,01/08
171,363,1900-01-08 03:00:00,-26.475,-31.887500000000003,60.375,0.0,147945.20547945204,0.0,0.0,0.0,0.0,0.0,0.0,-30.5452450873253,0.0,-1.102215093572505,6.437343876293691,742.3824117156801,210198.68307945205,0.0,5.589313131575005,-4.988794846159864,0.0,0.0,0.0,0.0,0.0,0.0,0.0,120.0,0.0,1.0,500.0,1.0,0.0,0.0,0.0,1.0,0.0,0.0,0.0,0.0,4.0,20.0,2.0,25.0,60.0,0.16,1.0,0.0,1.0,0.0,-25.27858729196499,0.0,3600.0,01/08,03:00:00,01/08
172,364,1900-01-08 04:00:00,-26.7,-32.0125,60.5,0.0,147945.20547945204,0.0,0.0,0.0,0.0,0.0,0.0,-30.804343121454444,0.0,-1.3743174417001265,6.408379658374185,746.8377140288392,210198.68307945205,0.0,5.356920176947565,-5.28886371701259,0.0,0.0,0.0,0.0,0.0,0.0,0.0,120.0,0.0,1.0,500.0,1.0,0.0,0.0,0.0,1.0,0.0,0.0,0.0,0.0,4.0,20.0,2.0,25.0,60.0,0.16,1.0,0.0,1.0,0.0,-25.40344272592549,0.0,3600.0,01/08,04:00:00,01/08
173,365,1900-01-08 05:00:00,-26.7,-32.575,57.125,0.0,147945.20547945204,0.0,0.0,0.0,0.0,0.0,0.0,-31.088472303696516,0.0,-1.6851367710065228,6.38340239882449,746.5272646424684,210198.68307945205,0.0,5.111708351975839,-5.63141716324898,0.0,0.0,0.0,0.0,0.0,0.0,0.0,120.0,0.0,1.0,500.0,1.0,0.0,0.0,0.0,1.0,0.0,0.0,0.0,0.0,4.0,20.0,2.0,25.0,60.0,0.16,1.0,0.0,1.0,0.0,-25.092001084916728,0.0,3600.0,01/08,05:00:00,01/08
174,366,1900-01-08 06:00:00,-27.0125,-32.8,57.875,0.0,147945.20547945204,0.0,0.0,0.0,0.0,0.0,0.0,-31.329400623078076,0.0,-1.985607599440185,6.381906142897498,743.2053440968984,210198.68307945205,0.0,4.869266001356992,-5.961974143430769,0.0,0.0,0.0,0.0,0.0,0.0,0.0,120.0,0.0,1.0,500.0,1.0,0.0,0.0,0.0,1.0,0.0,0.0,0.0,0.0,4.0,20.0,2.0,25.0,60.0,0.16,1.0,0.0,1.0,0.0,-24.97568363895654,0.0,3600.0,01/08,06:00:00,01/08
175,367,1900-01-08 07:00:00,-27.2,-32.8,59.0,0.0,147945.20547945204,0.0,0.0,0.0,0.0,0.0,0.0,-31.385047312092937,0.0,-1.9797902223847332,6.341681326092511,751.1556676813016,210198.68307945205,0.0,4.764910018393904,-5.956625343330791,0.0,0.0,0.0,0.0,0.0,0.0,0.0,120.0,0.0,1.0,500.0,1.0,0.0,0.0,0.0,1.0,0.0,0.0,0.0,0.0,4.0,20.0,2.0,25.0,60.0,0.16,1.0,0.0,1.0,0.0,-25.16484384570821,0.0,3600.0,01/08,07:00:00,01/08
176,368,1900-01-08 08:00:00,-27.2,-32.425,60.875,0.0,147945.20547945204,0.0,0.0,0.0,0.0,0.0,0.0,-31.31742056188601,0.0,-1.9152967264385543,6.352565490822685,784.2783514546508,207344.7275398417,0.0,4.747159001379389,-5.885398300155373,0.0,0.0,0.0,0.0,0.0,0.0,0.0,120.0,0.0,1.0,500.0,1.0,0.0,0.0,0.0,1.0,0.0,0.0,0.0,0.0,4.0,20.0,2.0,25.0,60.0,0.16,1.0,0.0,1.0,0.0,-25.297187647141865,0.0,900.0,01/08,08:00:00,01/08
177,369,1900-01-08 09:00:00,-26.8875,-32.2,60.125,0.0,147945.20547945204,0.0,0.0,0.0,0.0,0.0,0.0,-31.1856250109742,0.0,-2.0547971407434216,6.516921753431722,802.01361601656,206022.91526122412,0.0,4.708398397639386,-6.034557231255935,0.0,0.0,0.0,0.0,0.0,0.0,0.0,120.0,0.0,1.0,500.0,1.0,0.0,0.0,0.0,1.0,0.0,0.0,0.0,0.0,4.0,20.0,2.0,25.0,60.0,0.16,1.0,0.0,1.0,0.0,-25.01301753095649,0.0,0.0,01/08,09:00:00,01/08
178,370,1900-01-08 10:00:00,-26.7,-32.2,59.0,0.0,147945.20547945204,0.0,0.0,0.0,0.0,0.0,0.0,-31.08387068083584,0.0,-1.844483380712102,6.472406661529417,799.6038228168575,205650.7369372344,0.0,4.85413312295138,-5.804374433732267,0.0,0.0,0.0,0.0,0.0,0.0,0.0,120.0,0.0,1.0,500.0,1.0,0.0,0.0,0.0,1.0,0.0,0.0,0.0,0.0,4.0,20.0,2.0,25.0,60.0,0.16,1.0,0.0,1.0,0.0,-24.729394850848774,0.0,0.0,01/08,10:00:00,01/08
179,371,1900-01-08 11:00:00,-26.325000000000003,-32.575,55.25,0.0,147945.20547945204,0.0,0.0,0.0,0.0,0.0,0.0,-31.11206528723584,0.0,-1.6069235919463565,6.326300190057532,812.5845806469629,205454.43487386944,0.0,5.062694057576178,-5.5468736684006,0.0,0.0,0.0,0.0,0.0,0.0,0.0,120.0,0.0,1.0,500.0,1.0,0.0,0.0,0.0,1.0,0.0,0.0,0.0,0.0,4.0,20.0,2.0,25.0,60.0,0.16,1.0,0.0,1.0,0.0,-24.858579447959585,0.0,0.0,01/08,11:00:00,01/08
180,372,1900-01-08 12:00:00,-26.1,-32.425,54.875,0.0,147945.20547945204,0.0,0.0,0.0,0.0,0.0,0.0,-31.25582345875165,0.0,-1.4182631964984436,6.134567743784474,810.1725202766353,205003.19805500165,0.0,5.255666024332303,-5.344353580616137,0.0,0.0,0.0,0.0,0.0,0.0,0.0,120.0,0.0,1.0,500.0,1.0,0.0,0.0,0.0,1.0,0.0,0.0,0.0,0.0,4.0,20.0,2.0,25.0,60.0,0.16,1.0,0.0,1.0,0.0,-24.60853488067216,0.0,0.0,01/08,12:00:00,01/08
181,373,1900-01-08 13:00:00,-25.7875,-32.575,52.875,0.0,147945.20547945204,0.0,0.0,0.0,0.0,0.0,0.0,-31.34445081213103,0.0,-1.0175796000529451,5.879042258586955,815.5712188493392,204976.8969865656,0.0,5.550869300153336,-4.910273678861801,0.0,0.0,0.0,0.0,0.0,0.0,0.0,120.0,0.0,1.0,500.0,1.0,0.0,0.0,0.0,1.0,0.0,0.0,0.0,0.0,4.0,20.0,2.0,25.0,60.0,0.16,1.0,0.0,1.0,0.0,-24.782293862894168,0.0,0.0,01/08,13:00:00,01/08
182,374,1900-01-08 14:00:00,-25.9125,-32.8,52.25,0.0,147945.20547945204,0.0,0.0,0.0,0.0,0.0,0.0,-31.543673403188283,0.0,-0.8176627476175791,5.661782042431968,832.6627230282338,205721.03970996445,0.0,5.709536341609262,-4.6960380468269465,0.0,0.0,0.0,0.0,0.0,0.0,0.0,120.0,0.0,1.0,500.0,1.0,0.0,0.0,0.0,1.0,0.0,0.0,0.0,0.0,4.0,20.0,2.0,25.0,60.0,0.16,1.0,0.0,1.0,0.0,-24.966478988602066,0.0,0.0,01/08,14:00:00,01/08
183,375,1900-01-08 15:00:00,-26.1,-33.1125,51.75,0.0,147945.20547945204,0.0,0.0,0.0,0.0,0.0,0.0,-31.762057213094188,0.0,-0.94340090729412,5.590751283591899,845.2655347112955,206357.90723500168,0.0,5.614627570607124,-4.836204714507522,0.0,0.0,0.0,0.0,0.0,0.0,0.0,120.0,0.0,1.0,500.0,1.0,0.0,0.0,0.0,1.0,0.0,0.0,0.0,0.0,4.0,20.0,2.0,25.0,60.0,0.16,1.0,0.0,1.0,0.0,-25.20149830353077,0.0,0.0,01/08,15:00:00,01/08
184,376,1900-01-08 16:00:00,-26.475,-32.6125,56.0,0.0,147945.20547945204,0.0,0.0,0.0,0.0,0.0,0.0,-31.894086440863184,0.0,-1.3466442854214178,5.701726425348005,846.0554688061568,207461.301093573,0.0,5.334280280203279,-5.276874746190583,0.0,0.0,0.0,0.0,0.0,0.0,0.0,120.0,0.0,1.0,500.0,1.0,0.0,0.0,0.0,1.0,0.0,0.0,0.0,0.0,4.0,20.0,2.0,25.0,60.0,0.16,1.0,0.0,1.0,0.0,-25.11660090963027,0.0,900.0,01/08,16:00:00,01/08
185,377,1900-01-08 17:00:00,-27.0125,-32.2,60.875,0.0,147945.20547945204,0.0,0.0,0.0,0.0,0.0,0.0,-31.720755956133637,0.0,-1.8165220597282143,6.038983065258115,826.8919304906974,210198.68307945205,0.0,4.980033939833003,-5.784934152330406,0.0,0.0,0.0,0.0,0.0,0.0,0.0,120.0,0.0,1.0,500.0,1.0,0.0,0.0,0.0,1.0,0.0,0.0,0.0,0.0,4.0,20.0,2.0,25.0,60.0,0.16,1.0,0.0,1.0,0.0,-25.16720279653267,0.0,3600.0,01/08,17:00:00,01/08
186,378,1900-01-08 18:00:00,-27.2,-32.575,60.125,0.0,147945.20547945204,0.0,0.0,0.0,0.0,0.0,0.0,-31.512370019890867,0.0,-2.1672275701537864,6.356376357127654,812.1973375292034,210198.68307945205,0.0,4.681453477700498,-6.162422722288609,0.0,0.0,0.0,0.0,0.0,0.0,0.0,120.0,0.0,1.0,500.0,1.0,0.0,0.0,0.0,1.0,0.0,0.0,0.0,0.0,4.0,20.0,2.0,25.0,60.0,0.16,1.0,0.0,1.0,0.0,-25.11435774019792,0.0,3600.0,01/08,18:00:00,01/08
187,379,1900-01-08 19:00:00,-26.8875,-32.425,59.0,0.0,147945.20547945204,0.0,0.0,0.0,0.0,0.0,0.0,-31.34473840074768,0.0,-2.446574090625737,6.622777500344354,804.5153064350839,210198.68307945205,0.0,4.433360101115057,-6.462747864957096,0.0,0.0,0.0,0.0,0.0,0.0,0.0,120.0,0.0,1.0,500.0,1.0,0.0,0.0,0.0,1.0,0.0,0.0,0.0,0.0,4.0,20.0,2.0,25.0,60.0,0.16,1.0,0.0,1.0,0.0,-24.628212494823455,0.0,3600.0,01/08,19:00:00,01/08
188,380,1900-01-08 20:00:00,-26.7,-32.2,59.0,0.0,147945.20547945204,0.0,0.0,0.0,0.0,0.0,0.0,-31.06461862124167,0.0,-2.7532027682455746,6.998899475147442,798.5408736188418,210198.68307945205,0.0,4.1931867880374805,-6.790218447663506,0.0,0.0,0.0,0.0,0.0,0.0,0.0,120.0,0.0,1.0,500.0,1.0,0.0,0.0,0.0,1.0,0.0,0.0,0.0,0.0,4.0,20.0,2.0,25.0,60.0,0.16,1.0,0.0,1.0,0.0,-24.034540158846,0.0,3600.0,01/08,20:00:00,01/08
189,381,1900-01-08 21:00:00,-26.7,-32.2,59.0,0.0,147945.20547945204,0.0,0.0,0.0,0.0,0.0,0.0,-30.7935697384263,0.0,-3.1043011840825567,7.41644967832125,785.2717887921484,210198.68307945205,0.0,3.9366417967058416,-7.165524005334647,0.0,0.0,0.0,0.0,0.0,0.0,0.0,120.0,0.0,1.0,500.0,1.0,0.0,0.0,0.0,1.0,0.0,0.0,0.0,0.0,4.0,20.0,2.0,25.0,60.0,0.16,1.0,0.0,1.0,0.0,-23.68278012150706,0.0,3600.0,01/08,21:00:00,01/08
190,382,1900-01-08 22:00:00,-26.7,-32.2,59.0,0.0,147945.20547945204,0.0,0.0,0.0,0.0,0.0,0.0,-30.52145249181748,0.0,-3.2684934440871682,7.736283709332328,775.5779902093901,210198.68307945205,0.0,3.760512119051932,-7.337784269418874,0.0,0.0,0.0,0.0,0.0,0.0,0.0,120.0,0.0,1.0,500.0,1.0,0.0,0.0,0.0,1.0,0.0,0.0,0.0,0.0,4.0,20.0,2.0,25.0,60.0,0.16,1.0,0.0,1.0,0.0,-23.43957139591781,0.0,3600.0,01/08,22:00:00,01/08
191,383,1900-01-08 23:00:00,-27.0125,-32.2,60.875,0.0,147945.20547945204,0.0,0.0,0.0,0.0,0.0,0.0,-30.27492066308529,0.0,-3.4955038294704175,8.092298402016315,778.9655703543017,210198.68307945205,0.0,3.582575786277923,-7.578199754142589,0.0,0.0,0.0,0.0,0.0,0.0,0.0,120.0,0.0,1.0,500.0,1.0,0.0,0.0,0.0,1.0,0.0,0.0,0.0,0.0,4.0,20.0,2.0,25.0,60.0,0.16,1.0,0.0,1.0,0.0,-23.486975153767848,0.0,3600.0,01/08,23:00:00,01/08
192,384,1900-01-09 00:00:00,-27.2,-32.2,62.0,0.0,147945.20547945204,0.0,0.0,0.0,0.0,0.0,0.0,-30.075352339896902,0.0,-3.785865970847765,8.467282760152058,772.2383918284838,210198.68307945205,0.0,3.367844979872917,-7.887806851417461,0.0,0.0,0.0,0.0,0.0,0.0,0.0,120.0,0.0,1.0,500.0,1.0,0.0,0.0,0.0,1.0,0.0,0.0,0.0,0.0,4.0,20.0,2.0,25.0,60.0,0.16,1.0,0.0,1.0,0.0,-23.46808307425025,0.0,3600.0,01/09,00:00:00,01/09
193,385,1900-01-09 01:00:00,-27.2,-32.2,62.0,0.0,147945.20547945204,0.0,0.0,0.0,0.0,0.0,0.0,-29.87003578014004,0.0,-3.9930326337099458,8.803283364219,767.1820324384814,210198.68307945205,0.0,3.1932436739761263,-8.106916831459667,0.0,0.0,0.0,0.0,0.0,0.0,0.0,120.0,0.0,1.0,500.0,1.0,0.0,0.0,0.0,1.0,0.0,0.0,0.0,0.0,4.0,20.0,2.0,25.0,60.0,0.16,1.0,0.0,1.0,0.0,-23.25782446405714,0.0,3600.0,01/09,01:00:00,01/09
194,386,1900-01-09 02:00:00,-27.2,-32.2,62.0,0.0,147945.20547945204,0.0,0.0,0.0,0.0,0.0,0.0,-29.669201001401127,0.0,-4.18648256438046,9.137601210442169,764.8252404112106,210198.68307945205,0.0,3.031177022547309,-8.310982344768071,0.0,0.0,0.0,0.0,0.0,0.0,0.0,120.0,0.0,1.0,500.0,1.0,0.0,0.0,0.0,1.0,0.0,0.0,0.0,0.0,4.0,20.0,2.0,25.0,60.0,0.16,1.0,0.0,1.0,0.0,-23.06061435248133,0.0,3600.0,01/09,02:00:00,01/09
195,387,1900-01-09 03:00:00,-27.2,-32.2,62.0,0.0,147945.20547945204,0.0,0.0,0.0,0.0,0.0,0.0,-29.45187670038036,0.0,-4.306307591655335,9.441302379182073,766.6537469874411,210198.68307945205,0.0,2.9052171010830024,-8.434859899808892,0.0,0.0,0.0,0.0,0.0,0.0,0.0,120.0,0.0,1.0,500.0,1.0,0.0,0.0,0.0,1.0,0.0,0.0,0.0,0.0,4.0,20.0,2.0,25.0,60.0,0.16,1.0,0.0,1.0,0.0,-22.91175629664033,0.0,3600.0,01/09,03:00:00,01/09
196,388,1900-01-09 04:00:00,-27.2,-32.2,62.0,0.0,147945.20547945204,0.0,0.0,0.0,0.0,0.0,0.0,-29.230821981024384,0.0,-4.414707869258559,9.749330303769648,775.0992756486608,210198.68307945205,0.0,2.801687287572462,-8.54605725380821,0.0,0.0,0.0,0.0,0.0,0.0,0.0,120.0,0.0,1.0,500.0,1.0,0.0,0.0,0.0,1.0,0.0,0.0,0.0,0.0,4.0,20.0,2.0,25.0,60.0,0.16,1.0,0.0,1.0,0.0,-22.82053141263279,0.0,3600.0,01/09,04:00:00,01/09
197,389,1900-01-09 05:00:00,-27.2,-32.2,62.0,0.0,147945.20547945204,0.0,0.0,0.0,0.0,0.0,0.0,-29.034519166816654,0.0,-4.553698902534989,10.067446053963465,781.7892409407755,210198.68307945205,0.0,2.6895343811334493,-8.690641034712774,0.0,0.0,0.0,0.0,0.0,0.0,0.0,120.0,0.0,1.0,500.0,1.0,0.0,0.0,0.0,1.0,0.0,0.0,0.0,0.0,4.0,20.0,2.0,25.0,60.0,0.16,1.0,0.0,1.0,0.0,-22.680376379566972,0.0,3600.0,01/09,05:00:00,01/09
198,390,1900-01-09 06:00:00,-27.2,-32.2,62.0,0.0,147945.20547945204,0.0,0.0,0.0,0.0,0.0,0.0,-28.863163218560384,0.0,-4.7182380269847535,10.391714390226271,784.8827990764518,210198.68307945205,0.0,2.56682890719452,-8.863167065049542,0.0,0.0,0.0,0.0,0.0,0.0,0.0,120.0,0.0,1.0,500.0,1.0,0.0,0.0,0.0,1.0,0.0,0.0,0.0,0.0,4.0,20.0,2.0,25.0,60.0,0.16,1.0,0.0,1.0,0.0,-22.52784756308169,0.0,3600.0,01/09,06:00:00,01/09
199,391,1900-01-09 07:00:00,-27.2,-32.2,62.0,0.0,147945.20547945204,0.0,0.0,0.0,0.0,0.0,0.0,-28.68289800575033,0.0,-4.778313910094909,10.640600949949812,788.2705938344819,210198.68307945205,0.0,2.4883372828104107,-8.922751831855713,0.0,0.0,0.0,0.0,0.0,0.0,0.0,120.0,0.0,1.0,500.0,1.0,0.0,0.0,0.0,1.0,0.0,0.0,0.0,0.0,4.0,20.0,2.0,25.0,60.0,0.16,1.0,0.0,1.0,0.0,-22.41411456872902,0.0,3600.0,01/09,07:00:00,01/09
200,392,1900-01-09 08:00:00,-26.8875,-31.887500000000003,62.625,0.0,147945.20547945204,0.0,0.0,0.0,0.0,0.0,0.0,-28.369798921971423,0.0,-4.6884822669257,10.904886193885366,807.6347104002942,207453.32504590697,0.0,2.497343944035463,-8.817036243000153,0.0,0.0,0.0,0.0,0.0,0.0,0.0,120.0,0.0,1.0,500.0,1.0,0.0,0.0,0.0,1.0,0.0,0.0,0.0,0.0,4.0,20.0,2.0,25.0,60.0,0.16,1.0,0.0,1.0,0.0,-22.29160731139113,0.0,900.0,01/09,08:00:00,01/09
201,393,1900-01-09 09:00:00,-26.325000000000003,-31.325000000000003,63.0,0.0,147945.20547945204,0.0,0.0,0.0,0.0,0.0,0.0,-27.999042819686206,0.0,-4.728087824787654,11.366218721714493,828.2333126433374,206376.7021927631,0.0,2.496740249635138,-8.848556451754984,0.0,0.0,0.0,0.0,0.0,0.0,0.0,120.0,0.0,1.0,500.0,1.0,0.0,0.0,0.0,1.0,0.0,0.0,0.0,0.0,4.0,20.0,2.0,25.0,60.0,0.16,1.0,0.0,1.0,0.0,-21.78853257317189,0.0,0.0,01/09,09:00:00,01/09
202,394,1900-01-09 10:00:00,-26.1,-31.1,63.0,0.0,147945.20547945204,0.0,0.0,0.0,0.0,0.0,0.0,-27.748827389406763,0.0,-4.657659293495775,11.590038457049584,826.6607295881965,206087.01658385983,0.0,2.572802678508491,-8.765240885355723,0.0,0.0,0.0,0.0,0.0,0.0,0.0,120.0,0.0,1.0,500.0,1.0,0.0,0.0,0.0,1.0,0.0,0.0,0.0,0.0,4.0,20.0,2.0,25.0,60.0,0.16,1.0,0.0,1.0,0.0,-21.38079149736374,0.0,0.0,01/09,10:00:00,01/09
203,395,1900-01-09 11:00:00,-25.7875,-30.7875,63.0,0.0,147945.20547945204,0.0,0.0,0.0,0.0,0.0,0.0,-27.562593658685497,0.0,-4.410399073303435,11.566267772052228,829.779215277889,205773.02191548736,0.0,2.7800027156606015,-8.493875322141305,0.0,0.0,0.0,0.0,0.0,0.0,0.0,120.0,0.0,1.0,500.0,1.0,0.0,0.0,0.0,1.0,0.0,0.0,0.0,0.0,4.0,20.0,2.0,25.0,60.0,0.16,1.0,0.0,1.0,0.0,-21.449596302586897,0.0,0.0,01/09,11:00:00,01/09
204,396,1900-01-09 12:00:00,-25.225,-30.225,63.0,0.0,147945.20547945204,0.0,0.0,0.0,0.0,0.0,0.0,-27.43551144484291,0.0,-4.2062301398120105,11.51542112749214,827.2604741293363,205678.1181865933,0.0,2.975997768834741,-8.270617157686472,0.0,0.0,0.0,0.0,0.0,0.0,0.0,120.0,0.0,1.0,500.0,1.0,0.0,0.0,0.0,1.0,0.0,0.0,0.0,0.0,4.0,20.0,2.0,25.0,60.0,0.16,1.0,0.0,1.0,0.0,-21.115846823704636,0.0,0.0,01/09,12:00:00,01/09
205,397,1900-01-09 13:00:00,-25.0,-30.0,63.0,0.0,147945.20547945204,0.0,0.0,0.0,0.0,0.0,0.0,-27.340781149819307,0.0,-3.9884968216818417,11.414191406727825,819.5238257453912,205358.7018547095,0.0,3.1889107248905653,-8.033753728229911,0.0,0.0,0.0,0.0,0.0,0.0,0.0,120.0,0.0,1.0,500.0,1.0,0.0,0.0,0.0,1.0,0.0,0.0,0.0,0.0,4.0,20.0,2.0,25.0,60.0,0.16,1.0,0.0,1.0,0.0,-20.958028561135407,0.0,0.0,01/09,13:00:00,01/09
206,398,1900-01-09 14:00:00,-25.0,-30.0,63.0,0.0,147945.20547945204,0.0,0.0,0.0,0.0,0.0,0.0,-27.360276054205368,0.0,-3.7448216945671624,11.158885498091282,810.8177506442537,205451.9980762176,0.0,3.408370849625029,-7.772377409351494,0.0,0.0,0.0,0.0,0.0,0.0,0.0,120.0,0.0,1.0,500.0,1.0,0.0,0.0,0.0,1.0,0.0,0.0,0.0,0.0,4.0,20.0,2.0,25.0,60.0,0.16,1.0,0.0,1.0,0.0,-21.196567800142436,0.0,0.0,01/09,14:00:00,01/09
207,399,1900-01-09 15:00:00,-25.0,-30.375,61.125,0.0,147945.20547945204,0.0,0.0,0.0,0.0,0.0,0.0,-27.45570529172283,0.0,-3.743062286225286,11.0490215800454,806.5792066232053,206213.7711704248,0.0,3.427860920534669,-7.77331072914663,0.0,0.0,0.0,0.0,0.0,0.0,0.0,120.0,0.0,1.0,500.0,1.0,0.0,0.0,0.0,1.0,0.0,0.0,0.0,0.0,4.0,20.0,2.0,25.0,60.0,0.16,1.0,0.0,1.0,0.0,-21.28863600674021,0.0,0.0,01/09,15:00:00,01/09
208,400,1900-01-09 16:00:00,-25.375,-30.6,61.875,0.0,147945.20547945204,0.0,0.0,0.0,0.0,0.0,0.0,-27.59442710662404,0.0,-3.89476413664285,11.034778839984353,803.3687884430144,207448.16987824888,0.0,3.287428554749184,-7.940554658374209,0.0,0.0,0.0,0.0,0.0,0.0,0.0,120.0,0.0,1.0,500.0,1.0,0.0,0.0,0.0,1.0,0.0,0.0,0.0,0.0,4.0,20.0,2.0,25.0,60.0,0.16,1.0,0.0,1.0,0.0,-21.36930709075953,0.0,900.0,01/09,16:00:00,01/09
209,401,1900-01-09 17:00:00,-25.225,-30.225,63.0,0.0,147945.20547945204,0.0,0.0,0.0,0.0,0.0,0.0,-27.58327187899275,0.0,-4.068695974046092,11.21184297366094,808.5663072664885,210198.68307945205,0.0,3.116699008157851,-8.127256338249554,0.0,0.0,0.0,0.0,0.0,0.0,0.0,120.0,0.0,1.0,500.0,1.0,0.0,0.0,0.0,1.0,0.0,0.0,0.0,0.0,4.0,20.0,2.0,25.0,60.0,0.16,1.0,0.0,1.0,0.0,-21.350675739826563,0.0,3600.0,01/09,17:00:00,01/09
210,402,1900-01-09 18:00:00,-25.0,-30.375,61.125,0.0,147945.20547945204,0.0,0.0,0.0,0.0,0.0,0.0,-27.430044601340256,0.0,-4.255659750566535,11.5706969181154,814.9319776082573,210198.68307945205,0.0,2.950501483069687,-8.323546417205732,0.0,0.0,0.0,0.0,0.0,0.0,0.0,120.0,0.0,1.0,500.0,1.0,0.0,0.0,0.0,1.0,0.0,0.0,0.0,0.0,4.0,20.0,2.0,25.0,60.0,0.16,1.0,0.0,1.0,0.0,-20.792235144648277,0.0,3600.0,01/09,18:00:00,01/09
211,403,1900-01-09 19:00:00,-25.0,-30.225,61.875,0.0,147945.20547945204,0.0,0.0,0.0,0.0,0.0,0.0,-27.294328980753136,0.0,-4.396623531190025,11.873115555890013,821.9098345072965,210198.68307945205,0.0,2.8193627061857467,-8.470710089238567,0.0,0.0,0.0,0.0,0.0,0.0,0.0,120.0,0.0,1.0,500.0,1.0,0.0,0.0,0.0,1.0,0.0,0.0,0.0,0.0,4.0,20.0,2.0,25.0,60.0,0.16,1.0,0.0,1.0,0.0,-20.629727148889767,0.0,3600.0,01/09,19:00:00,01/09
212,404,1900-01-09 20:00:00,-24.625,-29.625,63.0,0.0,147945.20547945204,0.0,0.0,0.0,0.0,0.0,0.0,-27.05019826000147,0.0,-4.5803013128959,12.364106098543084,827.3267702446108,210198.68307945205,0.0,2.685643241316044,-8.65993534050131,0.0,0.0,0.0,0.0,0.0,0.0,0.0,120.0,0.0,1.0,500.0,1.0,0.0,0.0,0.0,1.0,0.0,0.0,0.0,0.0,4.0,20.0,2.0,25.0,60.0,0.16,1.0,0.0,1.0,0.0,-20.254992627060357,0.0,3600.0,01/09,20:00:00,01/09
213,405,1900-01-09 21:00:00,-24.4,-29.4,63.0,0.0,147945.20547945204,0.0,0.0,0.0,0.0,0.0,0.0,-26.770375523293772,0.0,-4.734896813996529,12.8882506798173,821.4727026125298,210198.68307945205,0.0,2.5632982277856105,-8.816304394312064,0.0,0.0,0.0,0.0,0.0,0.0,0.0,120.0,0.0,1.0,500.0,1.0,0.0,0.0,0.0,1.0,0.0,0.0,0.0,0.0,4.0,20.0,2.0,25.0,60.0,0.16,1.0,0.0,1.0,0.0,-19.687543172929853,0.0,3600.0,01/09,21:00:00,01/09
214,406,1900-01-09 22:00:00,-24.4,-29.4,63.0,0.0,147945.20547945204,0.0,0.0,0.0,0.0,0.0,0.0,-26.50744201081084,0.0,-4.808009350994951,13.31856597865182,822.1255421430701,210198.68307945205,0.0,2.4857619179461703,-8.885492174429645,0.0,0.0,0.0,0.0,0.0,0.0,0.0,120.0,0.0,1.0,500.0,1.0,0.0,0.0,0.0,1.0,0.0,0.0,0.0,0.0,4.0,20.0,2.0,25.0,60.0,0.16,1.0,0.0,1.0,0.0,-19.6085858077399,0.0,3600.0,01/09,22:00:00,01/09
215,407,1900-01-09 23:00:00,-24.0875,-29.0875,63.0,0.0,147945.20547945204,0.0,0.0,0.0,0.0,0.0,0.0,-26.20374215952366,0.0,-4.751256614257118,13.666833948590352,835.5750708931694,210198.68307945205,0.0,2.475176720396443,-8.81397050035853,0.0,0.0,0.0,0.0,0.0,0.0,0.0,120.0,0.0,1.0,500.0,1.0,0.0,0.0,0.0,1.0,0.0,0.0,0.0,0.0,4.0,20.0,2.0,25.0,60.0,0.16,1.0,0.0,1.0,0.0,-19.425497043350887,0.0,3600.0,01/09,23:00:00,01/09
216,408,1900-01-10 00:00:00,-23.9,-28.9,63.0,0.0,147945.20547945204,0.0,0.0,0.0,0.0,0.0,0.0,-25.8858058863888,0.0,-4.903267859708292,14.297300153449696,853.0347062097308,210198.68307945205,0.0,2.396052135638714,-8.964720697227934,0.0,0.0,0.0,0.0,0.0,0.0,0.0,120.0,0.0,1.0,500.0,1.0,0.0,0.0,0.0,1.0,0.0,0.0,0.0,0.0,4.0,20.0,2.0,25.0,60.0,0.16,1.0,0.0,1.0,0.0,-19.090006700104425,0.0,3600.0,01/10,00:00:00,01/10
217,409,1900-01-10 01:00:00,-23.9,-28.9,63.0,0.0,147945.20547945204,0.0,0.0,0.0,0.0,0.0,0.0,-25.774150190724317,0.0,-5.102481448743105,14.70546422726217,837.1002318466344,210198.68307945205,0.0,2.273268700861693,-9.173198027683348,0.0,0.0,0.0,0.0,0.0,0.0,0.0,120.0,0.0,1.0,500.0,1.0,0.0,0.0,0.0,1.0,0.0,0.0,0.0,0.0,4.0,20.0,2.0,25.0,60.0,0.16,1.0,0.0,1.0,0.0,-18.81194291057472,0.0,3600.0,01/10,01:00:00,01/10
218,410,1900-01-10 02:00:00,-23.9,-28.9,63.0,0.0,147945.20547945204,0.0,0.0,0.0,0.0,0.0,0.0,-25.652768887411643,0.0,-5.175320477185392,14.979064111565085,826.7234541704788,210198.68307945205,0.0,2.205511539152031,-9.24617696199084,0.0,0.0,0.0,0.0,0.0,0.0,0.0,120.0,0.0,1.0,500.0,1.0,0.0,0.0,0.0,1.0,0.0,0.0,0.0,0.0,4.0,20.0,2.0,25.0,60.0,0.16,1.0,0.0,1.0,0.0,-18.747177354661268,0.0,3600.0,01/10,02:00:00,01/10
219,411,1900-01-10 03:00:00,-23.9,-28.2125,67.375,0.0,147945.20547945204,0.0,0.0,0.0,0.0,0.0,0.0,-25.46414024168277,0.0,-5.234401727094488,15.34303948909319,822.8291273114409,210198.68307945205,0.0,2.147934313221369,-9.301662535366503,0.0,0.0,0.0,0.0,0.0,0.0,0.0,120.0,0.0,1.0,500.0,1.0,0.0,0.0,0.0,1.0,0.0,0.0,0.0,0.0,4.0,20.0,2.0,25.0,60.0,0.16,1.0,0.0,1.0,0.0,-18.67498117718547,0.0,3600.0,01/10,03:00:00,01/10
220,412,1900-01-10 04:00:00,-23.9,-27.8,70.0,0.0,147945.20547945204,0.0,0.0,0.0,0.0,0.0,0.0,-25.116907547182414,0.0,-5.290322599683749,15.962365256975149,824.7438446771787,210198.68307945205,0.0,2.0963150082567488,-9.34700421127555,0.0,0.0,0.0,0.0,0.0,0.0,0.0,120.0,0.0,1.0,500.0,1.0,0.0,0.0,0.0,1.0,0.0,0.0,0.0,0.0,4.0,20.0,2.0,25.0,60.0,0.16,1.0,0.0,1.0,0.0,-18.62771707241737,0.0,3600.0,01/10,04:00:00,01/10
221,413,1900-01-10 05:00:00,-23.9,-28.1125,68.125,0.0,147945.20547945204,0.0,0.0,0.0,0.0,0.0,0.0,-24.845565829066054,0.0,-5.335390723271694,16.46366040596999,828.5819510847655,210198.68307945205,0.0,2.046721417863728,-9.383489773887426,0.0,0.0,0.0,0.0,0.0,0.0,0.0,120.0,0.0,1.0,500.0,1.0,0.0,0.0,0.0,1.0,0.0,0.0,0.0,0.0,4.0,20.0,2.0,25.0,60.0,0.16,1.0,0.0,1.0,0.0,-18.57087758282738,0.0,3600.0,01/10,05:00:00,01/10
222,414,1900-01-10 06:00:00,-23.525,-27.9875,67.0,0.0,147945.20547945204,0.0,0.0,0.0,0.0,0.0,0.0,-24.610144092854654,0.0,-5.238244890410989,16.71466426372089,843.6949359445582,210198.68307945205,0.0,2.068415256915257,-9.270075368121596,0.0,0.0,0.0,0.0,0.0,0.0,0.0,120.0,0.0,1.0,500.0,1.0,0.0,0.0,0.0,1.0,0.0,0.0,0.0,0.0,4.0,20.0,2.0,25.0,60.0,0.16,1.0,0.0,1.0,0.0,-18.390674552058023,0.0,3600.0,01/10,06:00:00,01/10
223,415,1900-01-10 07:00:00,-23.3,-27.8,67.0,0.0,147945.20547945204,0.0,0.0,0.0,0.0,0.0,0.0,-24.312516259846948,0.0,-5.323782250748876,17.34478282754902,864.698220843013,210198.68307945205,0.0,2.026035126441478,-9.347713368659983,0.0,0.0,0.0,0.0,0.0,0.0,0.0,120.0,0.0,1.0,500.0,1.0,0.0,0.0,0.0,1.0,0.0,0.0,0.0,0.0,4.0,20.0,2.0,25.0,60.0,0.16,1.0,0.0,1.0,0.0,-18.0493658471694,0.0,3600.0,01/10,07:00:00,01/10
224,416,1900-01-10 08:00:00,-23.3,-28.1125,65.125,0.0,147945.20547945204,0.0,0.0,0.0,0.0,0.0,0.0,-24.18364846469231,0.0,-5.317341757457728,17.55704265153947,864.6737846262636,207438.43658372195,0.0,2.009518482562201,-9.335086486191084,0.0,0.0,0.0,0.0,0.0,0.0,0.0,120.0,0.0,1.0,500.0,1.0,0.0,0.0,0.0,1.0,0.0,0.0,0.0,0.0,4.0,20.0,2.0,25.0,60.0,0.16,1.0,0.0,1.0,0.0,-17.919152379768356,0.0,900.0,01/10,08:00:00,01/10
225,417,1900-01-10 09:00:00,-22.9875,-27.9875,64.0,0.0,147945.20547945204,0.0,0.0,0.0,0.0,0.0,0.0,-24.03317272697258,0.0,-5.242585066878742,17.707347572902457,881.067535097866,206338.13173660904,0.0,2.0756547157082257,-9.248929498051941,0.0,0.0,0.0,0.0,0.0,0.0,0.0,120.0,0.0,1.0,500.0,1.0,0.0,0.0,0.0,1.0,0.0,0.0,0.0,0.0,4.0,20.0,2.0,25.0,60.0,0.16,1.0,0.0,1.0,0.0,-17.891427153517252,0.0,0.0,01/10,09:00:00,01/10
226,418,1900-01-10 10:00:00,-22.8,-27.425,65.875,0.0,147945.20547945204,0.0,0.0,0.0,0.0,0.0,0.0,-24.035958590315257,0.0,-5.263424220251776,17.73392931500601,866.5324596954636,206097.5167207692,0.0,2.1226857312555985,-9.271158487940683,0.0,0.0,0.0,0.0,0.0,0.0,0.0,120.0,0.0,1.0,500.0,1.0,0.0,0.0,0.0,1.0,0.0,0.0,0.0,0.0,4.0,20.0,2.0,25.0,60.0,0.16,1.0,0.0,1.0,0.0,-17.52898667015762,0.0,0.0,01/10,10:00:00,01/10
227,419,1900-01-10 11:00:00,-22.425,-27.575,63.25,0.0,147945.20547945204,0.0,0.0,0.0,0.0,0.0,0.0,-24.06198909474548,0.0,-5.003144889726686,17.300047368913354,846.3591730629342,205701.25189209508,0.0,2.313679044700765,-8.99618036406662,0.0,0.0,0.0,0.0,0.0,0.0,0.0,120.0,0.0,1.0,500.0,1.0,0.0,0.0,0.0,1.0,0.0,0.0,0.0,0.0,4.0,20.0,2.0,25.0,60.0,0.16,1.0,0.0,1.0,0.0,-17.460988624847914,0.0,0.0,01/10,11:00:00,01/10
228,420,1900-01-10 12:00:00,-22.575,-28.1125,61.0,0.0,147945.20547945204,0.0,0.0,0.0,0.0,0.0,0.0,-24.16057036777373,0.0,-4.654491160826537,16.628922318675826,845.8277135848504,204985.3386986935,0.0,2.610149432364346,-8.630185083032657,0.0,0.0,0.0,0.0,0.0,0.0,0.0,120.0,0.0,1.0,500.0,1.0,0.0,0.0,0.0,1.0,0.0,0.0,0.0,0.0,4.0,20.0,2.0,25.0,60.0,0.16,1.0,0.0,1.0,0.0,-17.71987951823916,0.0,0.0,01/10,12:00:00,01/10
229,421,1900-01-10 13:00:00,-23.1125,-28.9875,58.5,0.0,147945.20547945204,0.0,0.0,0.0,0.0,0.0,0.0,-24.548707719386723,0.0,-4.486930006919753,15.77463405240891,836.5426565745663,205303.05514432184,0.0,2.795157608620139,-8.468174229576604,0.0,0.0,0.0,0.0,0.0,0.0,0.0,120.0,0.0,1.0,500.0,1.0,0.0,0.0,0.0,1.0,0.0,0.0,0.0,0.0,4.0,20.0,2.0,25.0,60.0,0.16,1.0,0.0,1.0,0.0,-18.458537374799228,0.0,0.0,01/10,13:00:00,01/10
230,422,1900-01-10 14:00:00,-23.9875,-29.775,58.875,0.0,147945.20547945204,0.0,0.0,0.0,0.0,0.0,0.0,-25.099182747034043,0.0,-4.461416542241998,14.898282679350496,827.9140008763667,205984.98093218895,0.0,2.830017588602656,-8.462991926505376,0.0,0.0,0.0,0.0,0.0,0.0,0.0,120.0,0.0,1.0,500.0,1.0,0.0,0.0,0.0,1.0,0.0,0.0,0.0,0.0,4.0,20.0,2.0,25.0,60.0,0.16,1.0,0.0,1.0,0.0,-19.265969128279018,0.0,0.0,01/10,14:00:00,01/10
231,423,1900-01-10 15:00:00,-25.15,-30.6875,60.0,0.0,147945.20547945204,0.0,0.0,0.0,0.0,0.0,0.0,-25.683613698438535,0.0,-4.7359036652774735,14.382642726363487,818.2933837709747,206379.0563419179,0.0,2.645877507114166,-8.778391693950173,0.0,0.0,0.0,0.0,0.0,0.0,0.0,120.0,0.0,1.0,500.0,1.0,0.0,0.0,0.0,1.0,0.0,0.0,0.0,0.0,4.0,20.0,2.0,25.0,60.0,0.16,1.0,0.0,1.0,0.0,-20.21762720437546,0.0,0.0,01/10,15:00:00,01/10
232,424,1900-01-10 16:00:00,-26.2875,-31.78750000000001,59.375,0.0,147945.20547945204,0.0,0.0,0.0,0.0,0.0,0.0,-26.429465167369575,0.0,-5.154880519787941,13.8281807301362,797.9512506291459,207469.25117473528,0.0,2.325428497996954,-9.253743852702067,0.0,0.0,0.0,0.0,0.0,0.0,0.0,120.0,0.0,1.0,500.0,1.0,0.0,0.0,0.0,1.0,0.0,0.0,0.0,0.0,4.0,20.0,2.0,25.0,60.0,0.16,1.0,0.0,1.0,0.0,-20.95696948850876,0.0,900.0,01/10,16:00:00,01/10
233,425,1900-01-10 17:00:00,-27.3875,-33.2625,57.125,0.0,147945.20547945204,0.0,0.0,0.0,0.0,0.0,0.0,-27.128575673766907,0.0,-5.548535216237819,13.3241657841254,783.343969730003,210198.68307945205,0.0,1.9891299888949252,-9.699924409053883,0.0,0.0,0.0,0.0,0.0,0.0,0.0,120.0,0.0,1.0,500.0,1.0,0.0,0.0,0.0,1.0,0.0,0.0,0.0,0.0,4.0,20.0,2.0,25.0,60.0,0.16,1.0,0.0,1.0,0.0,-21.659764114607174,0.0,3600.0,01/10,17:00:00,01/10
234,426,1900-01-10 18:00:00,-27.8,-33.52499999999999,57.875,0.0,147945.20547945204,0.0,0.0,0.0,0.0,0.0,0.0,-27.498996647372017,0.0,-5.684820623944486,12.981829305793145,787.5771458798633,210198.68307945205,0.0,1.7746805391388785,-9.858777143354336,0.0,0.0,0.0,0.0,0.0,0.0,0.0,120.0,0.0,1.0,500.0,1.0,0.0,0.0,0.0,1.0,0.0,0.0,0.0,0.0,4.0,20.0,2.0,25.0,60.0,0.16,1.0,0.0,1.0,0.0,-22.104884264904168,0.0,3600.0,01/10,18:00:00,01/10
235,427,1900-01-10 19:00:00,-28.1125,-33.3,60.875,0.0,147945.20547945204,0.0,0.0,0.0,0.0,0.0,0.0,-27.322313991893676,0.0,-5.898092013104803,13.463767938042851,814.4343490564918,210198.68307945205,0.0,1.5734409756466465,-10.080791718255275,0.0,0.0,0.0,0.0,0.0,0.0,0.0,120.0,0.0,1.0,500.0,1.0,0.0,0.0,0.0,1.0,0.0,0.0,0.0,0.0,4.0,20.0,2.0,25.0,60.0,0.16,1.0,0.0,1.0,0.0,-22.193181942188478,0.0,3600.0,01/10,19:00:00,01/10
236,428,1900-01-10 20:00:00,-30.050000000000008,-35.05000000000001,61.375,0.0,147945.20547945204,0.0,0.0,0.0,0.0,0.0,0.0,-27.361815526490837,0.0,-6.392204537728442,13.99192786198742,820.0778598886068,210198.68307945205,0.0,1.2328104214416769,-10.610524652882727,0.0,0.0,0.0,0.0,0.0,0.0,0.0,120.0,0.0,1.0,500.0,1.0,0.0,0.0,0.0,1.0,0.0,0.0,0.0,0.0,4.0,20.0,2.0,25.0,60.0,0.16,1.0,0.0,1.0,0.0,-23.092582831767196,0.0,3600.0,01/10,20:00:00,01/10
237,429,1900-01-10 21:00:00,-32.85,-37.1625,65.375,0.0,147945.20547945204,0.0,0.0,0.0,0.0,0.0,0.0,-27.83511376638436,0.0,-7.028162778540969,14.086850518653357,806.3190745914717,210198.68307945205,0.0,0.792428995725999,-11.30760018174134,0.0,0.0,0.0,0.0,0.0,0.0,0.0,120.0,0.0,1.0,500.0,1.0,0.0,0.0,0.0,1.0,0.0,0.0,0.0,0.0,4.0,20.0,2.0,25.0,60.0,0.16,1.0,0.0,1.0,0.0,-25.29517871750959,0.0,3600.0,01/10,21:00:00,01/10
238,430,1900-01-10 22:00:00,-33.9,-38.1125,65.5,0.0,147945.20547945204,0.0,0.0,0.0,0.0,0.0,0.0,-28.421125979633132,0.0,-7.647320461604269,14.00011194254455,781.7287890636105,210198.68307945205,0.0,0.3262756463359919,-11.990938473709368,0.0,0.0,0.0,0.0,0.0,0.0,0.0,120.0,0.0,1.0,500.0,1.0,0.0,0.0,0.0,1.0,0.0,0.0,0.0,0.0,4.0,20.0,2.0,25.0,60.0,0.16,1.0,0.0,1.0,0.0,-26.389741162608384,0.0,3600.0,01/10,22:00:00,01/10
239,431,1900-01-10 23:00:00,-32.525,-36.92500000000001,64.625,0.0,147945.20547945204,0.0,0.0,0.0,0.0,0.0,0.0,-28.58643759005263,0.0,-7.973805499315121,14.163058591402422,763.2829120442454,210198.68307945205,0.0,-0.0035007291721713,-12.34581729713779,0.0,0.0,0.0,0.0,0.0,0.0,0.0,120.0,0.0,1.0,500.0,1.0,0.0,0.0,0.0,1.0,0.0,0.0,0.0,0.0,4.0,20.0,2.0,25.0,60.0,0.16,1.0,0.0,1.0,0.0,-25.14383176857416,0.0,3600.0,01/10,23:00:00,01/10
240,432,1900-01-11 00:00:00,-31.325000000000003,-36.1,62.5,0.0,147945.20547945204,0.0,0.0,0.0,0.0,0.0,0.0,-28.141672294832826,0.0,-8.178227526250744,15.094192889750378,760.4598685316803,210198.68307945205,0.0,-0.2251825993528006,-12.546368575643449,0.0,0.0,0.0,0.0,0.0,0.0,0.0,120.0,0.0,1.0,500.0,1.0,0.0,0.0,0.0,1.0,0.0,0.0,0.0,0.0,4.0,20.0,2.0,25.0,60.0,0.16,1.0,0.0,1.0,0.0,-23.3574953643058,0.0,3600.0,01/11,00:00:00,01/11
241,433,1900-01-11 01:00:00,-31.475,-35.0375,70.375,0.0,147945.20547945204,0.0,0.0,0.0,0.0,0.0,0.0,-27.43606666707581,0.0,-8.22131593757549,16.28561645636982,771.0912061889117,210198.68307945205,0.0,-0.3482804944975888,-12.56265643497227,0.0,0.0,0.0,0.0,0.0,0.0,0.0,120.0,0.0,1.0,500.0,1.0,0.0,0.0,0.0,1.0,0.0,0.0,0.0,0.0,4.0,20.0,2.0,25.0,60.0,0.16,1.0,0.0,1.0,0.0,-23.079490911655007,0.0,3600.0,01/11,01:00:00,01/11
242,434,1900-01-11 02:00:00,-31.325000000000003,-34.775,71.0,0.0,147945.20547945204,0.0,0.0,0.0,0.0,0.0,0.0,-26.36813972877099,0.0,-8.231478125863966,18.167374638220537,804.6490573286019,210198.68307945205,0.0,-0.4179948526322167,-12.524700045119047,0.0,0.0,0.0,0.0,0.0,0.0,0.0,120.0,0.0,1.0,500.0,1.0,0.0,0.0,0.0,1.0,0.0,0.0,0.0,0.0,4.0,20.0,2.0,25.0,60.0,0.16,1.0,0.0,1.0,0.0,-23.270564835238332,0.0,3600.0,01/11,02:00:00,01/11
243,435,1900-01-11 03:00:00,-29.725,-34.3125,64.25,0.0,147945.20547945204,0.0,0.0,0.0,0.0,0.0,0.0,-25.66710000618516,0.0,-8.449041758656657,19.866889837499087,825.3458639989415,210198.68307945205,0.0,-0.5594921369740191,-12.719643810987623,0.0,0.0,0.0,0.0,0.0,0.0,0.0,120.0,0.0,1.0,500.0,1.0,0.0,0.0,0.0,1.0,0.0,0.0,0.0,0.0,4.0,20.0,2.0,25.0,60.0,0.16,1.0,0.0,1.0,0.0,-21.89634064745576,0.0,3600.0,01/11,03:00:00,01/11
244,436,1900-01-11 04:00:00,-28.9,-34.2125,60.125,0.0,147945.20547945204,0.0,0.0,0.0,0.0,0.0,0.0,-25.30953637906461,0.0,-8.5470869998173,20.767416823296024,823.4481002672533,210198.68307945205,0.0,-0.6493016762802268,-12.803979816079632,0.0,0.0,0.0,0.0,0.0,0.0,0.0,120.0,0.0,1.0,500.0,1.0,0.0,0.0,0.0,1.0,0.0,0.0,0.0,0.0,4.0,20.0,2.0,25.0,60.0,0.16,1.0,0.0,1.0,0.0,-20.344719298152015,0.0,3600.0,01/11,04:00:00,01/11
245,437,1900-01-11 05:00:00,-31.3375,-36.52499999999999,60.25,0.0,147945.20547945204,0.0,0.0,0.0,0.0,0.0,0.0,-24.9396924011938,0.0,-8.647670889841955,21.741958286066627,834.8725156923218,210198.68307945205,0.0,-0.7336268984611928,-12.889175734689967,0.0,0.0,0.0,0.0,0.0,0.0,0.0,120.0,0.0,1.0,500.0,1.0,0.0,0.0,0.0,1.0,0.0,0.0,0.0,0.0,4.0,20.0,2.0,25.0,60.0,0.16,1.0,0.0,1.0,0.0,-21.76814842850779,0.0,3600.0,01/11,05:00:00,01/11
246,438,1900-01-11 06:00:00,-30.3625,-35.675,59.75,0.0,147945.20547945204,0.0,0.0,0.0,0.0,0.0,0.0,-24.703593269967715,0.0,-8.795856710928183,22.55066603570029,846.2373829798667,210198.68307945205,0.0,-0.8479452389516853,-13.031063879977713,0.0,0.0,0.0,0.0,0.0,0.0,0.0,120.0,0.0,1.0,500.0,1.0,0.0,0.0,0.0,1.0,0.0,0.0,0.0,0.0,4.0,20.0,2.0,25.0,60.0,0.16,1.0,0.0,1.0,0.0,-22.56268637192408,0.0,3600.0,01/11,06:00:00,01/11
247,439,1900-01-11 07:00:00,-22.65,-27.15,67.125,0.0,147945.20547945204,0.0,0.0,0.0,0.0,0.0,0.0,-24.00399643756639,0.0,-8.616489392304572,23.805529138874576,839.3569762590307,210198.68307945205,0.0,-0.7705611833046336,-12.800993959575525,0.0,0.0,0.0,0.0,0.0,0.0,0.0,120.0,0.0,1.0,500.0,1.0,0.0,0.0,0.0,1.0,0.0,0.0,0.0,0.0,4.0,20.0,2.0,25.0,60.0,0.16,1.0,0.0,1.0,0.0,-16.43264689266806,0.0,3600.0,01/11,07:00:00,01/11
248,440,1900-01-11 08:00:00,-12.9625,-17.55,68.875,0.0,147945.20547945204,0.0,0.0,0.0,0.0,0.0,0.0,-21.06850761642232,0.0,-7.865139911627945,29.80563213530305,817.6548315411729,207368.0316906064,0.0,-0.3096983050159618,-11.817840174813384,0.0,0.0,0.0,0.0,0.0,0.0,0.0,120.0,0.0,1.0,500.0,1.0,0.0,0.0,0.0,1.0,0.0,0.0,0.0,0.0,4.0,20.0,2.0,25.0,60.0,0.16,1.0,0.0,1.0,0.0,-7.241233751780125,0.0,900.0,01/11,08:00:00,01/11
249,441,1900-01-11 09:00:00,-7.7125,-14.0875,60.75,0.0,147945.20547945204,0.0,0.0,0.0,0.0,0.0,0.0,-16.985964447706056,0.0,-6.959120224105456,40.5663987227248,795.0211514397189,206148.1564719928,0.0,0.3877295449316096,-10.540242946533745,0.0,0.0,0.0,0.0,0.0,0.0,0.0,120.0,0.0,1.0,500.0,1.0,0.0,0.0,0.0,1.0,0.0,0.0,0.0,0.0,4.0,20.0,2.0,25.0,60.0,0.16,1.0,0.0,1.0,0.0,-1.2133314588641437,0.0,0.0,01/11,09:00:00,01/11
250,442,1900-01-11 10:00:00,-6.324999999999999,-13.212500000000004,58.875,0.0,147945.20547945204,0.0,0.0,0.0,0.0,0.0,0.0,-14.4916278641205,0.0,-6.0826643117027706,47.32922972658437,776.8866523742145,205867.40428504805,0.0,1.1330180219013428,-9.399556411123344,0.0,0.0,0.0,0.0,0.0,0.0,0.0,120.0,0.0,1.0,500.0,1.0,0.0,0.0,0.0,1.0,0.0,0.0,0.0,0.0,4.0,20.0,2.0,25.0,60.0,0.16,1.0,0.0,1.0,0.0,-0.1772917298956926,0.0,0.0,01/11,10:00:00,01/11
251,443,1900-01-11 11:00:00,-5.7875,-12.425,60.0,0.0,147945.20547945204,0.0,0.0,0.0,0.0,0.0,0.0,-12.928463086036658,0.0,-5.254387655371992,50.83092442525151,761.6675343306479,205767.02663345332,0.0,1.850783963977955,-8.3970189498054,0.0,0.0,0.0,0.0,0.0,0.0,0.0,120.0,0.0,1.0,500.0,1.0,0.0,0.0,0.0,1.0,0.0,0.0,0.0,0.0,4.0,20.0,2.0,25.0,60.0,0.16,1.0,0.0,1.0,0.0,-0.4589976407456733,0.0,0.0,01/11,11:00:00,01/11
252,444,1900-01-11 12:00:00,-5.225,-12.575,56.875,0.0,147945.20547945204,0.0,0.0,0.0,0.0,0.0,0.0,-12.044950084861988,0.0,-4.513702624688006,51.68447650978625,753.0460700895637,206574.83888748128,0.0,2.484304070527432,-7.559978222734613,0.0,0.0,0.0,0.0,0.0,0.0,0.0,120.0,0.0,1.0,500.0,1.0,0.0,0.0,0.0,1.0,0.0,0.0,0.0,0.0,4.0,20.0,2.0,25.0,60.0,0.16,1.0,0.0,1.0,0.0,-0.6840198085219844,0.0,0.0,01/11,12:00:00,01/11
253,445,1900-01-11 13:00:00,-5.0,-12.8,55.0,0.0,147945.20547945204,0.0,0.0,0.0,0.0,0.0,0.0,-11.747791399710334,0.0,-3.899130666501197,50.38705365021881,764.5560969062655,206073.98080364804,0.0,3.0126970425437243,-6.917826221173382,0.0,0.0,0.0,0.0,0.0,0.0,0.0,120.0,0.0,1.0,500.0,1.0,0.0,0.0,0.0,1.0,0.0,0.0,0.0,0.0,4.0,20.0,2.0,25.0,60.0,0.16,1.0,0.0,1.0,0.0,-0.9629934868631704,0.0,0.0,01/11,13:00:00,01/11
254,446,1900-01-11 14:00:00,-4.625,-12.8,53.75,0.0,147945.20547945204,0.0,0.0,0.0,0.0,0.0,0.0,-11.616452869203943,0.0,-3.384604138913135,48.81385375748175,758.1470901976672,206204.35384439467,0.0,3.450753350595851,-6.392925038025759,0.0,0.0,0.0,0.0,0.0,0.0,0.0,120.0,0.0,1.0,500.0,1.0,0.0,0.0,0.0,1.0,0.0,0.0,0.0,0.0,4.0,20.0,2.0,25.0,60.0,0.16,1.0,0.0,1.0,0.0,-1.2662680316099255,0.0,0.0,01/11,14:00:00,01/11
255,447,1900-01-11 15:00:00,-4.4,-12.425,54.25,0.0,147945.20547945204,0.0,0.0,0.0,0.0,0.0,0.0,-11.47652342373246,0.0,-2.976935832954994,47.75942434205529,752.9211838004727,206402.53401425408,0.0,3.787781763432296,-5.972022225096827,0.0,0.0,0.0,0.0,0.0,0.0,0.0,120.0,0.0,1.0,500.0,1.0,0.0,0.0,0.0,1.0,0.0,0.0,0.0,0.0,4.0,20.0,2.0,25.0,60.0,0.16,1.0,0.0,1.0,0.0,-1.3356075813366548,0.0,0.0,01/11,15:00:00,01/11
256,448,1900-01-11 16:00:00,-3.7125,-12.8875,49.375,0.0,147945.20547945204,0.0,0.0,0.0,0.0,0.0,0.0,-11.392106179432687,0.0,-2.649729596101224,46.8187341422172,756.7370570145138,207464.62735213907,0.0,4.047817292601059,-5.636657830886788,0.0,0.0,0.0,0.0,0.0,0.0,0.0,120.0,0.0,1.0,500.0,1.0,0.0,0.0,0.0,1.0,0.0,0.0,0.0,0.0,4.0,20.0,2.0,25.0,60.0,0.16,1.0,0.0,1.0,0.0,-1.2559899228102736,0.0,900.0,01/11,16:00:00,01/11
257,449,1900-01-11 17:00:00,-3.3,-12.9875,47.25,0.0,147945.20547945204,0.0,0.0,0.0,0.0,0.0,0.0,-11.535510884037246,0.0,-2.379321463334928,45.182139767025944,767.6519316036927,210198.68307945205,0.0,4.268257598986083,-5.381942182418298,0.0,0.0,0.0,0.0,0.0,0.0,0.0,120.0,0.0,1.0,500.0,1.0,0.0,0.0,0.0,1.0,0.0,0.0,0.0,0.0,4.0,20.0,2.0,25.0,60.0,0.16,1.0,0.0,1.0,0.0,-0.8621472298112034,0.0,3600.0,01/11,17:00:00,01/11
258,450,1900-01-11 18:00:00,-3.3,-12.1125,51.125,0.0,147945.20547945204,0.0,0.0,0.0,0.0,0.0,0.0,-11.442827847408417,0.0,-2.1638158515071413,44.74378662981045,762.1916594579402,210198.68307945205,0.0,4.460393332651895,-5.156331896879471,0.0,0.0,0.0,0.0,0.0,0.0,0.0,120.0,0.0,1.0,500.0,1.0,0.0,0.0,0.0,1.0,0.0,0.0,0.0,0.0,4.0,20.0,2.0,25.0,60.0,0.16,1.0,0.0,1.0,0.0,-1.0847036394846956,0.0,3600.0,01/11,18:00:00,01/11
259,451,1900-01-11 19:00:00,-2.9875,-11.325,53.0,0.0,147945.20547945204,0.0,0.0,0.0,0.0,0.0,0.0,-11.022679608745557,0.0,-1.930793753754663,45.56437823609991,752.4132047163481,210198.68307945205,0.0,4.655835141413982,-4.878581030743076,0.0,0.0,0.0,0.0,0.0,0.0,0.0,120.0,0.0,1.0,500.0,1.0,0.0,0.0,0.0,1.0,0.0,0.0,0.0,0.0,4.0,20.0,2.0,25.0,60.0,0.16,1.0,0.0,1.0,0.0,-1.1176912467374505,0.0,3600.0,01/11,19:00:00,01/11
260,452,1900-01-11 20:00:00,-2.8,-10.4125,56.125,0.0,147945.20547945204,0.0,0.0,0.0,0.0,0.0,0.0,-10.567234426286937,0.0,-1.7083919130073162,46.58492411128496,765.8200275788852,210198.68307945205,0.0,4.847087820721779,-4.6072914191800525,0.0,0.0,0.0,0.0,0.0,0.0,0.0,120.0,0.0,1.0,500.0,1.0,0.0,0.0,0.0,1.0,0.0,0.0,0.0,0.0,4.0,20.0,2.0,25.0,60.0,0.16,1.0,0.0,1.0,0.0,-1.042602030321767,0.0,3600.0,01/11,20:00:00,01/11
261,453,1900-01-11 21:00:00,-2.425,-8.9375,61.125,0.0,147945.20547945204,0.0,0.0,0.0,0.0,0.0,0.0,-9.8235673316806,0.0,-1.4946349734118671,48.89519847789158,767.7348554218565,210198.68307945205,0.0,5.033844240649778,-4.311834954941441,0.0,0.0,0.0,0.0,0.0,0.0,0.0,120.0,0.0,1.0,500.0,1.0,0.0,0.0,0.0,1.0,0.0,0.0,0.0,0.0,4.0,20.0,2.0,25.0,60.0,0.16,1.0,0.0,1.0,0.0,-1.0225413858380417,0.0,3600.0,01/11,21:00:00,01/11
262,454,1900-01-11 22:00:00,-1.5125000000000002,-7.6125,63.625,0.0,147945.20547945204,0.0,0.0,0.0,0.0,0.0,0.0,-8.74800562198736,0.0,-1.239215471389338,52.64171896209239,760.7151695262243,210879.0530520876,0.0,5.247460540291092,-3.9330476900736366,0.0,0.0,0.0,0.0,0.0,0.0,0.0,120.0,0.0,1.0,500.0,1.0,0.0,0.0,0.0,1.0,0.0,0.0,0.0,0.0,4.0,20.0,2.0,25.0,60.0,0.16,1.0,0.0,1.0,0.0,-0.4796426913266325,0.0,3600.0,01/11,22:00:00,01/11
263,455,1900-01-11 23:00:00,-0.7875000000000001,-6.199999999999999,67.125,0.0,147945.20547945204,0.0,0.0,0.0,0.0,0.0,0.0,-7.441844951367456,0.0,-0.9676872198807502,57.7039476215714,739.6490976565049,210198.68307945205,0.0,5.477973523613582,-3.502186198416684,0.0,0.0,0.0,0.0,0.0,0.0,0.0,120.0,0.0,1.0,500.0,1.0,0.0,0.0,0.0,1.0,0.0,0.0,0.0,0.0,4.0,20.0,2.0,25.0,60.0,0.16,1.0,0.0,1.0,0.0,0.1205714766895352,0.0,3600.0,01/11,23:00:00,01/11
264,456,1900-01-12 00:00:00,0.15,-5.225,67.75,0.0,147945.20547945204,0.0,0.0,0.0,0.0,0.0,0.0,-6.218601986220669,0.0,-0.6802899762201148,62.63642231116843,730.9742066794315,210198.68307945205,0.0,5.719292226412552,-3.057256835717172,0.0,0.0,0.0,0.0,0.0,0.0,0.0,120.0,0.0,1.0,500.0,1.0,0.0,0.0,0.0,1.0,0.0,0.0,0.0,0.0,4.0,20.0,2.0,25.0,60.0,0.16,1.0,0.0,1.0,0.0,0.6067726043261537,0.0,3600.0,01/12,00:00:00,01/12
265,457,1900-01-12 01:00:00,0.225,-4.625,70.125,0.0,147945.20547945204,0.0,0.0,0.0,0.0,0.0,0.0,-5.361711015394832,0.0,-0.4358402854994889,66.07206118877937,739.6208906756623,210198.68307945205,0.0,5.940748963856237,-2.698653827453533,0.0,0.0,0.0,0.0,0.0,0.0,0.0,120.0,0.0,1.0,500.0,1.0,0.0,0.0,0.0,1.0,0.0,0.0,0.0,0.0,4.0,20.0,2.0,25.0,60.0,0.16,1.0,0.0,1.0,0.0,0.8600330928806701,0.0,3600.0,01/12,01:00:00,01/12
266,458,1900-01-12 02:00:00,0.6875,-4.0875,70.75,0.0,147945.20547945204,0.0,0.0,0.0,0.0,0.0,0.0,-4.730718467629304,0.0,-0.2044327478627527,68.41202881245584,753.1976608745065,210198.68307945205,0.0,6.1419882321949375,-2.383006381434902,0.0,0.0,0.0,0.0,0.0,0.0,0.0,120.0,0.0,1.0,500.0,1.0,0.0,0.0,0.0,1.0,0.0,0.0,0.0,0.0,4.0,20.0,2.0,25.0,60.0,0.16,1.0,0.0,1.0,0.0,0.6828452583511948,0.0,3600.0,01/12,02:00:00,01/12
267,459,1900-01-12 03:00:00,1.475,-3.525,70.0,0.0,147945.20547945204,0.0,0.0,0.0,0.0,0.0,0.0,-4.167013784810208,0.0,0.0659360254813471,70.24052414347615,768.612836890944,210198.68307945205,0.0,6.3611510936349,-2.0378566860019744,0.0,0.0,0.0,0.0,0.0,0.0,0.0,120.0,0.0,1.0,500.0,1.0,0.0,0.0,0.0,1.0,0.0,0.0,0.0,0.0,4.0,20.0,2.0,25.0,60.0,0.16,1.0,0.0,1.0,0.0,1.3281949284905803,0.0,3600.0,01/12,03:00:00,01/12
268,460,1900-01-12 04:00:00,3.075,-3.3,63.75,0.0,147945.20547945204,0.0,0.0,0.0,0.0,0.0,0.0,-3.616274190322757,0.0,0.390315766654555,71.87620809222784,765.9134443727463,210198.68307945205,0.0,6.615634014148107,-1.6383294453829285,0.0,0.0,0.0,0.0,0.0,0.0,0.0,120.0,0.0,1.0,500.0,1.0,0.0,0.0,0.0,1.0,0.0,0.0,0.0,0.0,4.0,20.0,2.0,25.0,60.0,0.16,1.0,0.0,1.0,0.0,2.222980858585727,0.0,3600.0,01/12,04:00:00,01/12
269,461,1900-01-12 05:00:00,4.9625,-3.3,55.625,0.0,147945.20547945204,0.0,0.0,0.0,0.0,0.0,0.0,-3.272435588853098,0.0,0.8320557608138996,71.67006667188978,760.6907402995073,210198.68307945205,0.0,6.931401015980553,-1.1577980333386986,0.0,0.0,0.0,0.0,0.0,0.0,0.0,120.0,0.0,1.0,500.0,1.0,0.0,0.0,0.0,1.0,0.0,0.0,0.0,0.0,4.0,20.0,2.0,25.0,60.0,0.16,1.0,0.0,1.0,0.0,3.8332336777524167,0.0,3600.0,01/12,05:00:00,01/12
270,462,1900-01-12 06:00:00,5.6,-2.9875,54.25,0.0,147945.20547945204,0.0,0.0,0.0,0.0,0.0,0.0,-2.9967520730408457,0.0,1.2623008404939897,71.11586757264317,726.7194618787241,210198.68307945205,0.0,7.261102996891964,-0.698999199948707,0.0,0.0,0.0,0.0,0.0,0.0,0.0,120.0,0.0,1.0,500.0,1.0,0.0,0.0,0.0,1.0,0.0,0.0,0.0,0.0,4.0,20.0,2.0,25.0,60.0,0.16,1.0,0.0,1.0,0.0,4.425003209234269,0.0,3600.0,01/12,06:00:00,01/12
271,463,1900-01-12 07:00:00,5.9125,-2.425,55.625,0.0,147945.20547945204,0.0,0.0,0.0,0.0,0.0,0.0,-2.6271412629502717,0.0,1.6136285254709504,71.53374582988424,706.1120002705301,210198.68307945205,0.0,7.557097643285699,-0.30162748086831,0.0,0.0,0.0,0.0,0.0,0.0,0.0,120.0,0.0,1.0,500.0,1.0,0.0,0.0,0.0,1.0,0.0,0.0,0.0,0.0,4.0,20.0,2.0,25.0,60.0,0.16,1.0,0.0,1.0,0.0,4.264863269579992,0.0,3600.0,01/12,07:00:00,01/12
272,464,1900-01-12 08:00:00,6.475,-1.8875,56.0,0.0,147945.20547945204,0.0,0.0,0.0,0.0,0.0,0.0,-2.124400437940543,0.0,2.146414715935872,71.82292839126315,690.1887068513535,207010.44507502016,0.0,7.988308238284381,0.2919882066346633,0.0,0.0,0.0,0.0,0.0,0.0,0.0,120.0,0.0,1.0,500.0,1.0,0.0,0.0,0.0,1.0,0.0,0.0,0.0,0.0,4.0,20.0,2.0,25.0,60.0,0.16,1.0,0.0,1.0,0.0,4.3592072548992,0.0,900.0,01/12,08:00:00,01/12
273,465,1900-01-12 09:00:00,6.7,-1.3249999999999997,57.25,0.0,147945.20547945204,0.0,0.0,0.0,0.0,0.0,0.0,-1.5812805967958796,0.0,3.045107334138922,70.50218339780886,670.3974433866093,205002.50278784655,0.0,8.722488958463014,1.2460639673844909,0.0,0.0,0.0,0.0,0.0,0.0,0.0,120.0,0.0,1.0,500.0,1.0,0.0,0.0,0.0,1.0,0.0,0.0,0.0,0.0,4.0,20.0,2.0,25.0,60.0,0.16,1.0,0.0,1.0,0.0,3.876943781113055,0.0,0.0,01/12,09:00:00,01/12
274,466,1900-01-12 10:00:00,7.0125,-1.1,56.75,0.0,147945.20547945204,0.0,0.0,0.0,0.0,0.0,0.0,-1.1862744769424765,0.0,3.783265946791078,69.15564597660324,664.2932032875226,204952.76510519255,0.0,9.365345586508113,2.0228788530814947,0.0,0.0,0.0,0.0,0.0,0.0,0.0,120.0,0.0,1.0,500.0,1.0,0.0,0.0,0.0,1.0,0.0,0.0,0.0,0.0,4.0,20.0,2.0,25.0,60.0,0.16,1.0,0.0,1.0,0.0,3.266839150970036,0.0,0.0,01/12,10:00:00,01/12
275,467,1900-01-12 11:00:00,7.2,-0.7875000000000001,57.25,0.0,147945.20547945204,0.0,0.0,0.0,0.0,0.0,0.0,-0.952320377204463,0.0,4.253304410859597,68.21810285897563,670.3080422434066,205496.14345486523,0.0,9.777476132694584,2.5154408710410308,0.0,0.0,0.0,0.0,0.0,0.0,0.0,120.0,0.0,1.0,500.0,1.0,0.0,0.0,0.0,1.0,0.0,0.0,0.0,0.0,4.0,20.0,2.0,25.0,60.0,0.16,1.0,0.0,1.0,0.0,3.041235938428828,0.0,0.0,01/12,11:00:00,01/12
276,468,1900-01-12 12:00:00,6.8875,0.15,62.375,0.0,147945.20547945204,0.0,0.0,0.0,0.0,0.0,0.0,-0.5727103829161668,0.0,4.5916257465927615,68.74876621982074,684.3787960215811,205642.85701902464,0.0,10.079774229478062,2.901450550325136,0.0,0.0,0.0,0.0,0.0,0.0,0.0,120.0,0.0,1.0,500.0,1.0,0.0,0.0,0.0,1.0,0.0,0.0,0.0,0.0,4.0,20.0,2.0,25.0,60.0,0.16,1.0,0.0,1.0,0.0,2.496694104644802,0.0,0.0,01/12,12:00:00,01/12
277,469,1900-01-12 13:00:00,6.324999999999999,0.6,66.875,0.0,147945.20547945204,0.0,0.0,0.0,0.0,0.0,0.0,-0.0736748941500607,0.0,4.769924845620563,70.7436633985267,698.2962752105985,206084.21172342892,0.0,10.265952763733246,3.1496685411441523,0.0,0.0,0.0,0.0,0.0,0.0,0.0,120.0,0.0,1.0,500.0,1.0,0.0,0.0,0.0,1.0,0.0,0.0,0.0,0.0,4.0,20.0,2.0,25.0,60.0,0.16,1.0,0.0,1.0,0.0,1.7360635521450773,0.0,0.0,01/12,13:00:00,01/12
278,470,1900-01-12 14:00:00,6.7875,1.2875,68.0,0.0,147945.20547945204,0.0,0.0,0.0,0.0,0.0,0.0,0.3018426533483608,0.0,4.994230972953123,71.63426458615518,731.2804109936967,205965.83026804923,0.0,10.464857976408885,3.419659867775823,0.0,0.0,0.0,0.0,0.0,0.0,0.0,120.0,0.0,1.0,500.0,1.0,0.0,0.0,0.0,1.0,0.0,0.0,0.0,0.0,4.0,20.0,2.0,25.0,60.0,0.16,1.0,0.0,1.0,0.0,1.5877193718615064,0.0,0.0,01/12,14:00:00,01/12
279,471,1900-01-12 15:00:00,7.2,1.3249999999999997,66.125,0.0,147945.20547945204,0.0,0.0,0.0,0.0,0.0,0.0,0.6915276134969457,0.0,5.2653159965266,72.30389047210906,763.0192472922264,206076.7386265671,0.0,10.680863919096875,3.7353380696176632,0.0,0.0,0.0,0.0,0.0,0.0,0.0,120.0,0.0,1.0,500.0,1.0,0.0,0.0,0.0,1.0,0.0,0.0,0.0,0.0,4.0,20.0,2.0,25.0,60.0,0.16,1.0,0.0,1.0,0.0,2.0061850074501586,0.0,0.0,01/12,15:00:00,01/12
280,472,1900-01-12 16:00:00,7.2,0.7875000000000001,63.75,0.0,147945.20547945204,0.0,0.0,0.0,0.0,0.0,0.0,0.8322638809993967,0.0,5.505458378900444,71.83308677619785,742.9073694865815,207180.28940688283,0.0,10.862224137253508,3.987201482613433,0.0,0.0,0.0,0.0,0.0,0.0,0.0,120.0,0.0,1.0,500.0,1.0,0.0,0.0,0.0,1.0,0.0,0.0,0.0,0.0,4.0,20.0,2.0,25.0,60.0,0.16,1.0,0.0,1.0,0.0,1.7314573333421188,0.0,900.0,01/12,16:00:00,01/12
281,473,1900-01-12 17:00:00,6.8875,0.225,63.0,0.0,147945.20547945204,0.0,0.0,0.0,0.0,0.0,0.0,0.686961447171254,0.0,5.487919544229002,71.17036362031907,712.1264204601114,210198.68307945205,0.0,10.844448366935088,3.950604326515791,0.0,0.0,0.0,0.0,0.0,0.0,0.0,120.0,0.0,1.0,500.0,1.0,0.0,0.0,0.0,1.0,0.0,0.0,0.0,0.0,4.0,20.0,2.0,25.0,60.0,0.16,1.0,0.0,1.0,0.0,1.509193923528991,0.0,3600.0,01/12,17:00:00,01/12
282,474,1900-01-12 18:00:00,7.0125,-0.375,59.875,0.0,147945.20547945204,0.0,0.0,0.0,0.0,0.0,0.0,0.3467680682446905,0.0,5.476883493200075,69.4958522221755,695.8891868175745,210198.68307945205,0.0,10.81706992281453,3.894741317210221,0.0,0.0,0.0,0.0,0.0,0.0,0.0,120.0,0.0,1.0,500.0,1.0,0.0,0.0,0.0,1.0,0.0,0.0,0.0,0.0,4.0,20.0,2.0,25.0,60.0,0.16,1.0,0.0,1.0,0.0,1.4164253342001805,0.0,3600.0,01/12,18:00:00,01/12
283,475,1900-01-12 19:00:00,6.8875,-0.6,59.25,0.0,147945.20547945204,0.0,0.0,0.0,0.0,0.0,0.0,-0.0182347807188698,0.0,5.441589781221332,67.81449979940909,694.301366058288,210198.68307945205,0.0,10.781711774043808,3.812016254105811,0.0,0.0,0.0,0.0,0.0,0.0,0.0,120.0,0.0,1.0,500.0,1.0,0.0,0.0,0.0,1.0,0.0,0.0,0.0,0.0,4.0,20.0,2.0,25.0,60.0,0.16,1.0,0.0,1.0,0.0,1.5503060875885746,0.0,3600.0,01/12,19:00:00,01/12
284,476,1900-01-12 20:00:00,6.012499999999999,-0.9125,61.875,0.0,147945.20547945204,0.0,0.0,0.0,0.0,0.0,0.0,-0.2302052379897008,0.0,5.336375508068592,67.1395497430465,708.0706895437135,210198.68307945205,0.0,10.71408260626305,3.678656857721665,0.0,0.0,0.0,0.0,0.0,0.0,0.0,120.0,0.0,1.0,500.0,1.0,0.0,0.0,0.0,1.0,0.0,0.0,0.0,0.0,4.0,20.0,2.0,25.0,60.0,0.16,1.0,0.0,1.0,0.0,0.9213978246406672,0.0,3600.0,01/12,20:00:00,01/12
285,477,1900-01-12 21:00:00,5.9125,-2.1625,56.75,0.0,147945.20547945204,0.0,0.0,0.0,0.0,0.0,0.0,-0.6492917077360865,0.0,5.277953376925341,65.12673875922567,711.75590723441,210198.68307945205,0.0,10.65828070190264,3.561835782219881,0.0,0.0,0.0,0.0,0.0,0.0,0.0,120.0,0.0,1.0,500.0,1.0,0.0,0.0,0.0,1.0,0.0,0.0,0.0,0.0,4.0,20.0,2.0,25.0,60.0,0.16,1.0,0.0,1.0,0.0,0.5090322544750148,0.0,3600.0,01/12,21:00:00,01/12
286,478,1900-01-12 22:00:00,5.0375,-3.1125,55.5,0.0,147945.20547945204,0.0,0.0,0.0,0.0,0.0,0.0,-1.4116973968742323,0.0,5.171368604641465,61.58533267251087,718.0100798237141,210198.68307945205,0.0,10.574974851242084,3.352122484887837,0.0,0.0,0.0,0.0,0.0,0.0,0.0,120.0,0.0,1.0,500.0,1.0,0.0,0.0,0.0,1.0,0.0,0.0,0.0,0.0,4.0,20.0,2.0,25.0,60.0,0.16,1.0,0.0,1.0,0.0,0.2427739090654999,0.0,3600.0,01/12,22:00:00,01/12
287,479,1900-01-12 23:00:00,4.4,-3.3,57.0,0.0,147945.20547945204,0.0,0.0,0.0,0.0,0.0,0.0,-1.9705788399434925,0.0,5.025542660264903,59.38075789163223,740.6914286957002,210198.68307945205,0.0,10.465123275951443,3.1341500490173466,0.0,0.0,0.0,0.0,0.0,0.0,0.0,120.0,0.0,1.0,500.0,1.0,0.0,0.0,0.0,1.0,0.0,0.0,0.0,0.0,4.0,20.0,2.0,25.0,60.0,0.16,1.0,0.0,1.0,0.0,-0.6499532201739024,0.0,3600.0,01/12,23:00:00,01/12
